{"1-1-2012": 3398.99072265625, "2-1-2012": 2898.742919921875, "3-1-2012": 2327.20458984375, "4-1-2012": 2048.776123046875, "5-1-2012": 1644.2445068359375, "6-1-2012": 1063.7069091796875, "7-1-2012": 1275.797119140625, "8-1-2012": 1388.9747314453125, "9-1-2012": 1189.3861083984375, "10-1-2012": 1255.870849609375, "11-1-2012": 1321.7021484375, "12-1-2012": 1620.082763671875, "13-1-2012": 1156.0400390625, "14-1-2012": 916.8308715820312, "15-1-2012": 897.6171264648438, "16-1-2012": 1071.1475830078125, "17-1-2012": 1361.1046142578125, "18-1-2012": 1947.2760009765625, "19-1-2012": 1550.72802734375, "20-1-2012": 1624.55810546875, "21-1-2012": 1689.5208740234375, "22-1-2012": 1076.5440673828125, "23-1-2012": 700.7653198242188, "24-1-2012": 847.564208984375, "25-1-2012": 953.8719482421875, "26-1-2012": 617.1407470703125, "27-1-2012": 702.1007690429688, "28-1-2012": 1136.69482421875, "29-1-2012": 627.7088012695312, "30-1-2012": 731.5936889648438, "31-1-2012": 1085.25830078125, "1-2-2012": 0.0, "2-2-2012": 0.0, "3-2-2012": 0.0, "4-2-2012": 0.0, "5-2-2012": 0.0, "6-2-2012": 0.0, "7-2-2012": 0.0, "8-2-2012": 0.0, "9-2-2012": 0.0, "10-2-2012": 0.0, "11-2-2012": 0.0, "12-2-2012": 0.0, "13-2-2012": 0.0, "14-2-2012": 0.0, "15-2-2012": 0.0, "16-2-2012": 0.0, "17-2-2012": 0.0, "18-2-2012": 0.0, "19-2-2012": 0.0, "20-2-2012": 0.0, "21-2-2012": 0.0, "22-2-2012": 0.0, "23-2-2012": 0.0, "24-2-2012": 0.0, "25-2-2012": 0.0, "26-2-2012": 0.0, "27-2-2012": 0.0, "28-2-2012": 0.0, "29-2-2012": 0.0, "1-3-2012": 0.0, "2-3-2012": 0.0, "3-3-2012": 0.0, "4-3-2012": 0.0, "5-3-2012": 0.0, "6-3-2012": 0.0, "7-3-2012": 0.0, "8-3-2012": 0.0, "9-3-2012": 0.0, "10-3-2012": 0.0, "11-3-2012": 0.0, "12-3-2012": 0.0, "13-3-2012": 0.0, "14-3-2012": 0.0, "15-3-2012": 0.0, "16-3-2012": 0.0, "17-3-2012": 0.0, "18-3-2012": 0.0, "19-3-2012": 0.0, "20-3-2012": 0.0, "21-3-2012": 0.0, "22-3-2012": 0.0, "23-3-2012": 0.0, "24-3-2012": 0.0, "25-3-2012": 0.0, "26-3-2012": 0.0, "27-3-2012": 0.0, "28-3-2012": 0.0, "29-3-2012": 0.0, "30-3-2012": 0.0, "31-3-2012": 0.0, "1-4-2012": 0.0, "2-4-2012": 0.0, "3-4-2012": 0.0, "4-4-2012": 0.0, "5-4-2012": 0.0, "6-4-2012": 0.0, "7-4-2012": 0.0, "8-4-2012": 0.0, "9-4-2012": 0.0, "10-4-2012": 0.0, "11-4-2012": 0.0, "12-4-2012": 0.0, "13-4-2012": 0.0, "14-4-2012": 0.0, "15-4-2012": 0.0, "16-4-2012": 0.0, "17-4-2012": 0.0, "18-4-2012": 0.0, "19-4-2012": 0.0, "20-4-2012": 0.0, "21-4-2012": 0.0, "22-4-2012": 0.0, "23-4-2012": 0.0, "24-4-2012": 0.0, "25-4-2012": 0.0, "26-4-2012": 0.0, "27-4-2012": 0.0, "28-4-2012": 0.0, "29-4-2012": 0.0, "30-4-2012": 0.0, "1-5-2012": 0.0, "2-5-2012": 0.0, "3-5-2012": 0.0, "4-5-2012": 0.0, "5-5-2012": 0.0, "6-5-2012": 0.0, "7-5-2012": 0.0, "8-5-2012": 0.0, "9-5-2012": 0.0, "10-5-2012": 0.0, "11-5-2012": 0.0, "12-5-2012": 0.0, "13-5-2012": 0.0, "14-5-2012": 0.0, "15-5-2012": 0.0, "16-5-2012": 0.0, "17-5-2012": 0.0, "18-5-2012": 0.0, "19-5-2012": 0.0, "20-5-2012": 0.0, "21-5-2012": 0.0, "22-5-2012": 0.0, "23-5-2012": 0.0, "24-5-2012": 0.0, "25-5-2012": 0.0, "26-5-2012": 0.0, "27-5-2012": 0.0, "28-5-2012": 0.0, "29-5-2012": 0.0, "30-5-2012": 0.0, "31-5-2012": 0.0, "1-6-2012": 0.0, "2-6-2012": 0.0, "3-6-2012": 0.0, "4-6-2012": 0.0, "5-6-2012": 0.0, "6-6-2012": 0.0, "7-6-2012": 0.0, "8-6-2012": 798.6187744140625, "9-6-2012": 377.3005676269531, "10-6-2012": 45.74897384643555, "11-6-2012": 0.0, "12-6-2012": 0.0, "13-6-2012": 0.0, "14-6-2012": 1926.579345703125, "15-6-2012": 2760.927978515625, "16-6-2012": 2256.246337890625, "17-6-2012": 3393.54248046875, "18-6-2012": 11756.9443359375, "19-6-2012": 11318.6005859375, "20-6-2012": 11939.814453125, "21-6-2012": 7987.513671875, "22-6-2012": 7978.314453125, "23-6-2012": 5815.28662109375, "24-6-2012": 4351.8837890625, "25-6-2012": 4441.42138671875, "26-6-2012": 5008.14501953125, "27-6-2012": 10208.9736328125, "28-6-2012": 13080.5380859375, "29-6-2012": 10020.2529296875, "30-6-2012": 5796.287109375, "1-7-2012": 4005.168212890625, "2-7-2012": 2836.05810546875, "3-7-2012": 2376.014404296875, "4-7-2012": 3272.42724609375, "5-7-2012": 8524.5302734375, "6-7-2012": 9198.3720703125, "7-7-2012": 7639.765625, "8-7-2012": 5596.79833984375, "9-7-2012": 3070.7275390625, "10-7-2012": 2169.98486328125, "11-7-2012": 1615.7745361328125, "12-7-2012": 2478.36962890625, "13-7-2012": 3251.482421875, "14-7-2012": 3276.58740234375, "15-7-2012": 2946.572021484375, "16-7-2012": 1225.47607421875, "17-7-2012": 2678.1650390625, "18-7-2012": 3193.00390625, "19-7-2012": 3745.0439453125, "20-7-2012": 5234.283203125, "21-7-2012": 6877.15673828125, "22-7-2012": 4999.80224609375, "23-7-2012": 2638.85791015625, "24-7-2012": 1754.6240234375, "25-7-2012": 1203.243896484375, "26-7-2012": 2670.64306640625, "27-7-2012": 2457.422607421875, "28-7-2012": 1888.0953369140625, "29-7-2012": 3521.682373046875, "30-7-2012": 4872.66162109375, "31-7-2012": 6482.90087890625, "1-8-2012": 4052.895263671875, "2-8-2012": 2459.91943359375, "3-8-2012": 1970.2138671875, "4-8-2012": 888.3801879882812, "5-8-2012": 216.99057006835938, "6-8-2012": 1890.36279296875, "7-8-2012": 10969.6484375, "8-8-2012": 34879.421875, "9-8-2012": 33262.91796875, "10-8-2012": 23119.798828125, "11-8-2012": 22448.94921875, "12-8-2012": 16793.09375, "13-8-2012": 14572.3642578125, "14-8-2012": 17673.017578125, "15-8-2012": 10140.5009765625, "16-8-2012": 7330.11474609375, "17-8-2012": 6662.79248046875, "18-8-2012": 3355.25341796875, "19-8-2012": 2719.353515625, "20-8-2012": 3053.501708984375, "21-8-2012": 2639.9443359375, "22-8-2012": 2805.10400390625, "23-8-2012": 1721.9898681640625, "24-8-2012": 2269.322265625, "25-8-2012": 3154.62939453125, "26-8-2012": 3293.985595703125, "27-8-2012": 4350.8427734375, "28-8-2012": 6472.03173828125, "29-8-2012": 7031.23046875, "30-8-2012": 6586.43505859375, "31-8-2012": 11708.912109375, "1-9-2012": 13383.1103515625, "2-9-2012": 17561.37890625, "3-9-2012": 21801.4453125, "4-9-2012": 23383.32421875, "5-9-2012": 28506.501953125, "6-9-2012": 25857.033203125, "7-9-2012": 20705.498046875, "8-9-2012": 14605.162109375, "9-9-2012": 11598.91796875, "10-9-2012": 10588.1015625, "11-9-2012": 9251.7666015625, "12-9-2012": 9872.150390625, "13-9-2012": 10248.412109375, "14-9-2012": 9116.0380859375, "15-9-2012": 8068.52490234375, "16-9-2012": 7881.1650390625, "17-9-2012": 8618.9658203125, "18-9-2012": 6341.22509765625, "19-9-2012": 5642.82763671875, "20-9-2012": 5644.37255859375, "21-9-2012": 6084.9580078125, "22-9-2012": 4927.8515625, "23-9-2012": 4693.04443359375, "24-9-2012": 4472.56005859375, "25-9-2012": 3756.254150390625, "26-9-2012": 3774.902099609375, "27-9-2012": 3366.635498046875, "28-9-2012": 2439.4775390625, "29-9-2012": 3046.324462890625, "30-9-2012": 3151.114501953125, "1-10-2012": 4309.05908203125, "2-10-2012": 5513.724609375, "3-10-2012": 6151.70458984375, "4-10-2012": 5213.37841796875, "5-10-2012": 4353.85595703125, "6-10-2012": 8317.685546875, "7-10-2012": 4812.90771484375, "8-10-2012": 4422.486328125, "9-10-2012": 4289.82861328125, "10-10-2012": 5457.1435546875, "11-10-2012": 5410.81494140625, "12-10-2012": 7725.24951171875, "13-10-2012": 9052.751953125, "14-10-2012": 8701.931640625, "15-10-2012": 9412.3203125, "16-10-2012": 9039.3076171875, "17-10-2012": 8288.07421875, "18-10-2012": 6982.15869140625, "19-10-2012": 4936.19287109375, "20-10-2012": 4476.07275390625, "21-10-2012": 5408.71142578125, "22-10-2012": 5780.025390625, "23-10-2012": 5255.98486328125, "24-10-2012": 5362.10986328125, "25-10-2012": 7453.20849609375, "26-10-2012": 7670.36572265625, "27-10-2012": 6340.896484375, "28-10-2012": 4843.73681640625, "29-10-2012": 4121.60546875, "30-10-2012": 3645.229736328125, "31-10-2012": 3681.801513671875, "1-11-2012": 2919.781982421875, "2-11-2012": 3317.752685546875, "3-11-2012": 4446.74365234375, "4-11-2012": 6220.92138671875, "5-11-2012": 5384.25244140625, "6-11-2012": 4450.71630859375, "7-11-2012": 3858.53369140625, "8-11-2012": 2451.731689453125, "9-11-2012": 2995.57763671875, "10-11-2012": 2572.1015625, "11-11-2012": 1028.86865234375,