{"1-1-2019": 0.0, "2-1-2019": 0.0, "3-1-2019": 167.18023681640625, "4-1-2019": 231.5498046875, "5-1-2019": 322.41363525390625, "6-1-2019": 277.1109619140625, "7-1-2019": 229.82391357421875, "8-1-2019": 135.52581787109375, "9-1-2019": 290.08154296875, "10-1-2019": 293.60528564453125, "11-1-2019": 175.44573974609375, "12-1-2019": 249.4879150390625, "13-1-2019": 259.10699462890625, "14-1-2019": 0.0, "15-1-2019": 261.50628662109375, "16-1-2019": 0.0, "17-1-2019": 0.0, "18-1-2019": 240.98193359375, "19-1-2019": 161.96795654296875, "20-1-2019": 0.0, "21-1-2019": 237.22332763671875, "22-1-2019": 344.05548095703125, "23-1-2019": 0.0, "24-1-2019": 0.0, "25-1-2019": 224.91644287109375, "26-1-2019": 243.6038818359375, "27-1-2019": 276.26263427734375, "28-1-2019": 0.0, "29-1-2019": 313.38189697265625, "30-1-2019": 165.11126708984375, "31-1-2019": 0.0, "1-2-2019": 0.0, "2-2-2019": 0.0, "3-2-2019": 0.0, "4-2-2019": 0.0, "5-2-2019": 0.0, "6-2-2019": 0.0, "7-2-2019": 0.0, "8-2-2019": 0.0, "9-2-2019": 0.0, "10-2-2019": 0.0, "11-2-2019": 0.0, "12-2-2019": 575.51171875, "13-2-2019": 0.0, "14-2-2019": 0.0, "15-2-2019": 0.0, "16-2-2019": 534.9443969726562, "17-2-2019": 962.1931762695312, "18-2-2019": 0.0, "19-2-2019": 962.1931762695312, "20-2-2019": 412.2044372558594, "21-2-2019": 406.6085510253906, "22-2-2019": 364.0193176269531, "23-2-2019": 0.0, "24-2-2019": 0.0, "25-2-2019": 876.7147827148438, "26-2-2019": 734.9605102539062, "27-2-2019": 962.1931762695312, "28-2-2019": 962.1931762695312, "1-3-2019": 0.0, "2-3-2019": 0.0, "3-3-2019": 0.0, "4-3-2019": 0.0, "5-3-2019": 0.0, "6-3-2019": 0.0, "7-3-2019": 0.0, "8-3-2019": 0.0, "9-3-2019": 0.0, "10-3-2019": 0.0, "11-3-2019": 0.0, "12-3-2019": 0.0, "13-3-2019": 0.0, "14-3-2019": 0.0, "15-3-2019": 0.0, "16-3-2019": 0.0, "17-3-2019": 0.0, "18-3-2019": 0.0, "19-3-2019": 0.0, "20-3-2019": 0.0, "21-3-2019": 0.0, "22-3-2019": 0.0, "23-3-2019": 0.0, "24-3-2019": 0.0, "25-3-2019": 0.0, "26-3-2019": 0.0, "27-3-2019": 0.0, "28-3-2019": 0.0, "29-3-2019": 0.0, "30-3-2019": 0.0, "31-3-2019": 0.0, "1-4-2019": 0.0, "2-4-2019": 962.1931762695312, "3-4-2019": 241.7798309326172, "4-4-2019": 962.1931762695312, "5-4-2019": 393.8239440917969, "6-4-2019": 0.0, "7-4-2019": 0.0, "8-4-2019": 0.0, "9-4-2019": 532.7869873046875, "10-4-2019": 0.0, "11-4-2019": 452.50933837890625, "12-4-2019": 0.0, "13-4-2019": 962.1931762695312, "14-4-2019": 962.1931762695312, "15-4-2019": 0.0, "16-4-2019": 407.80810546875, "17-4-2019": 251.83592224121094, "18-4-2019": 410.3052978515625, "19-4-2019": 522.5609130859375, "20-4-2019": 0.0, "21-4-2019": 645.7926635742188, "22-4-2019": 1463.00146484375, "23-4-2019": 1219.7662353515625, "24-4-2019": 1857.57177734375, "25-4-2019": 1932.7998046875, "26-4-2019": 1035.832275390625, "27-4-2019": 412.48724365234375, "28-4-2019": 138.92605590820312, "29-4-2019": 164.73806762695312, "30-4-2019": 104.75372314453125, "1-5-2019": 269.1292724609375, "2-5-2019": 962.1931762695312, "3-5-2019": 949.8561401367188, "4-5-2019": 962.1931762695312, "5-5-2019": 962.1931762695312, "6-5-2019": 962.1931762695312, "7-5-2019": 437.1080322265625, "8-5-2019": 962.1931762695312, "9-5-2019": 962.1931762695312, "10-5-2019": 335.3778076171875, "11-5-2019": 962.1931762695312, "12-5-2019": 0.0, "13-5-2019": 0.0, "14-5-2019": 0.0, "15-5-2019": 0.0, "16-5-2019": 74.52156066894531, "17-5-2019": 962.193115234375, "18-5-2019": 0.0, "19-5-2019": 962.1931762695312, "20-5-2019": 440.02557373046875, "21-5-2019": 0.0, "22-5-2019": 962.1931762695312, "23-5-2019": 478.096923828125, "24-5-2019": 962.1931762695312, "25-5-2019": 962.1931762695312, "26-5-2019": 581.8644409179688, "27-5-2019": 0.0, "28-5-2019": 0.0, "29-5-2019": 0.0, "30-5-2019": 0.0, "31-5-2019": 0.0, "1-6-2019": 0.0, "2-6-2019": 1095.277099609375, "3-6-2019": 382.15692138671875, "4-6-2019": 488.82757568359375, "5-6-2019": 542.3432006835938, "6-6-2019": 0.0, "7-6-2019": 0.0, "8-6-2019": 435.37200927734375, "9-6-2019": 0.0, "10-6-2019": 1153.85595703125, "11-6-2019": 2214.443603515625, "12-6-2019": 3881.012939453125, "13-6-2019": 5583.13818359375, "14-6-2019": 6426.54248046875, "15-6-2019": 6254.44580078125, "16-6-2019": 7981.92236328125, "17-6-2019": 4738.32861328125, "18-6-2019": 3718.13134765625, "19-6-2019": 2283.6220703125, "20-6-2019": 1585.41748046875, "21-6-2019": 3697.55419921875, "22-6-2019": 6008.8798828125, "23-6-2019": 5316.59326171875, "24-6-2019": 5150.20654296875, "25-6-2019": 4478.98486328125, "26-6-2019": 3520.92822265625, "27-6-2019": 2092.320068359375, "28-6-2019": 2210.126708984375, "29-6-2019": 4982.39013671875, "30-6-2019": 7940.01123046875, "1-7-2019": 6885.9423828125, "2-7-2019": 6835.70361328125, "3-7-2019": 4777.51220703125, "4-7-2019": 5600.27880859375, "5-7-2019": 7189.68798828125, "6-7-2019": 6364.49267578125, "7-7-2019": 4165.404296875, "8-7-2019": 7711.15478515625, "9-7-2019": 5842.85205078125, "10-7-2019": 4523.24853515625, "11-7-2019": 3841.26025390625, "12-7-2019": 2555.26025390625, "13-7-2019": 6199.50341796875, "14-7-2019": 3254.88134765625, "15-7-2019": 2932.74609375, "16-7-2019": 8747.3974609375, "17-7-2019": 9002.3232421875, "18-7-2019": 9351.498046875, "19-7-2019": 9587.4150390625, "20-7-2019": 12604.9033203125, "21-7-2019": 12065.9326171875, "22-7-2019": 14767.3994140625, "23-7-2019": 16156.091796875, "24-7-2019": 14480.5849609375, "25-7-2019": 14089.7490234375, "26-7-2019": 12618.6787109375, "27-7-2019": 10279.5322265625, "28-7-2019": 8289.0107421875, "29-7-2019": 6721.91552734375, "30-7-2019": 6308.27197265625, "31-7-2019": 3778.423828125, "1-8-2019": 6509.90576171875, "2-8-2019": 8837.5810546875, "3-8-2019": 8802.458984375, "4-8-2019": 4799.70166015625, "5-8-2019": 12583.75390625, "6-8-2019": 12050.7333984375, "7-8-2019": 20702.609375, "8-8-2019": 27751.13671875, "9-8-2019": 22095.392578125, "10-8-2019": 5776.14794921875, "11-8-2019": 2861.07080078125, "12-8-2019": 4181.5458984375, "13-8-2019": 14651.546875, "14-8-2019": 23885.140625, "15-8-2019": 15028.0185546875, "16-8-2019": 17856.306640625, "17-8-2019": 11865.4501953125, "18-8-2019": 19322.677734375, "19-8-2019": 14458.90234375, "20-8-2019": 4700.58056640625, "21-8-2019": 9689.4375, "22-8-2019": 7364.55859375, "23-8-2019": 6856.501953125, "24-8-2019": 8037.21337890625, "25-8-2019": 7796.5205078125, "26-8-2019": 8631.3134765625, "27-8-2019": 6523.91748046875, "28-8-2019": 9035.5712890625, "29-8-2019": 10871.052734375, "30-8-2019": 3822.8740234375, "31-8-2019": 6282.9150390625, "1-9-2019": 10083.6318359375, "2-9-2019": 7798.7705078125, "3-9-2019": 6816.34326171875, "4-9-2019": 10370.6025390625, "5-9-2019": 10210.771484375, "6-9-2019": 26970.462890625, "7-9-2019": 7557.50244140625, "8-9-2019": 18497.591796875, "9-9-2019": 25824.19140625, "10-9-2019": 28936.240234375, "11-9-2019": 21763.658203125, "12-9-2019": 9840.625, "13-9-2019": 8880.7646484375, "14-9-2019": 9852.2607421875, "15-9-2019": 6416.39599609375, "16-9-2019": 7248.42431640625, "17-9-2019": 8448.50390625, "18-9-2019": 2850.24951171875, "19-9-2019": 5810.74658203125, "20-9-2019": 5040.39892578125, "21-9-2019": 10494.6044921875, "22-9-2019": 8870.8876953125, "23-9-2019": 7366.5126953125, "24-9-2019": 7837.97412109375, "25-9-2019": 9372.1669921875, "26-9-2019": 12061.8349609375, "27-9-2019": 8619.2470703125, "28-9-2019": 8417.763671875, "29-9-2019": 8045.36376953125, "30-9-2019": 8618.8876953125, "1-10-2019": 7759.46533203125, "2-10-2019": 9856.38671875, "3-10-2019": 9058.8857421875, "4-10-2019": 8993.8466796875, "5-10-2019": 7846.67041015625, "6-10-2019": 7579.9072265625, "7-10-2019": 7589.39892578125, "8-10-2019": 6168.16455078125, "9-10-2019": 8497.556640625, "10-10-2019": 8562.6533203125, "11-10-2019": 7527.05615234375, "12-10-2019": 8008.43212890625, "13-10-2019": 7835.2412109375, "14-10-2019": 4807.41552734375, "15-10-2019": 6208.64794921875, "16-10-2019": 9644.8583984375, "17-10-2019": 14683.6669921875, "18-10-2019": 10968.2216796875, "19-10-2019": 9909.0849609375, "20-10-2019": 8636.1767578125, "21-10-2019": 7167.357421875,