{"1-1-2014": 847.8427124023438, "2-1-2014": 962.1931762695312, "3-1-2014": 962.1931762695312, "4-1-2014": 962.1931762695312, "5-1-2014": 962.1931762695312, "6-1-2014": 962.1931762695312, "7-1-2014": 622.1535034179688, "8-1-2014": 962.1931762695312, "9-1-2014": 962.1931762695312, "10-1-2014": 693.8112182617188, "11-1-2014": 962.1931762695312, "12-1-2014": 574.6141967773438, "13-1-2014": 580.1876220703125, "14-1-2014": 962.1931762695312, "15-1-2014": 962.1931762695312, "16-1-2014": 588.2984619140625, "17-1-2014": 599.2277221679688, "18-1-2014": 908.4805297851562, "19-1-2014": 627.2074584960938, "20-1-2014": 599.9422607421875, "21-1-2014": 962.1931762695312, "22-1-2014": 962.1931762695312, "23-1-2014": 628.7752075195312, "24-1-2014": 962.1931762695312, "25-1-2014": 962.1931762695312, "26-1-2014": 622.7918090820312, "27-1-2014": 576.1561279296875, "28-1-2014": 581.6084594726562, "29-1-2014": 578.576171875, "30-1-2014": 574.4801025390625, "31-1-2014": 401.43316650390625, "1-2-2014": 252.4304962158203, "2-2-2014": 65.5172119140625, "3-2-2014": 340.24114990234375, "4-2-2014": 347.23846435546875, "5-2-2014": 249.89422607421875, "6-2-2014": 378.93084716796875, "7-2-2014": 289.08734130859375, "8-2-2014": 0.0, "9-2-2014": 494.94110107421875, "10-2-2014": 382.7178955078125, "11-2-2014": 395.2688903808594, "12-2-2014": 332.53680419921875, "13-2-2014": 338.580810546875, "14-2-2014": 269.024658203125, "15-2-2014": 344.87445068359375, "16-2-2014": 433.6464538574219, "17-2-2014": 273.07855224609375, "18-2-2014": 320.80487060546875, "19-2-2014": 160.57513427734375, "20-2-2014": 509.08734130859375, "21-2-2014": 247.44891357421875, "22-2-2014": 418.1248474121094, "23-2-2014": 331.16986083984375, "24-2-2014": 0.0, "25-2-2014": 348.33282470703125, "26-2-2014": 0.0, "27-2-2014": 0.0, "28-2-2014": 0.0, "1-3-2014": 0.0, "2-3-2014": 0.0, "3-3-2014": 0.0, "4-3-2014": 0.0, "5-3-2014": 0.0, "6-3-2014": 0.0, "7-3-2014": 0.0, "8-3-2014": 0.0, "9-3-2014": 0.0, "10-3-2014": 0.0, "11-3-2014": 0.0, "12-3-2014": 0.0, "13-3-2014": 0.0, "14-3-2014": 0.0, "15-3-2014": 0.0, "16-3-2014": 0.0, "17-3-2014": 0.0, "18-3-2014": 0.0, "19-3-2014": 0.0, "20-3-2014": 0.0, "21-3-2014": 0.0, "22-3-2014": 0.0, "23-3-2014": 0.0, "24-3-2014": 0.0, "25-3-2014": 0.0, "26-3-2014": 0.0, "27-3-2014": 0.0, "28-3-2014": 0.0, "29-3-2014": 0.0, "30-3-2014": 0.0, "31-3-2014": 0.0, "1-4-2014": 962.1931762695312, "2-4-2014": 962.1931762695312, "3-4-2014": 962.2130737304688, "4-4-2014": 962.1931762695312, "5-4-2014": 0.0, "6-4-2014": 0.0, "7-4-2014": 0.0, "8-4-2014": 962.1931762695312, "9-4-2014": 962.1931762695312, "10-4-2014": 0.0, "11-4-2014": 6.633861541748047, "12-4-2014": 962.1931762695312, "13-4-2014": 834.3131713867188, "14-4-2014": 962.1931762695312, "15-4-2014": 0.0, "16-4-2014": 0.0, "17-4-2014": 962.1931762695312, "18-4-2014": 962.1931762695312, "19-4-2014": 962.1931762695312, "20-4-2014": 0.0, "21-4-2014": 0.0, "22-4-2014": 0.0, "23-4-2014": 0.0, "24-4-2014": 0.0, "25-4-2014": 0.0, "26-4-2014": 0.0, "27-4-2014": 0.0, "28-4-2014": 578.1181030273438, "29-4-2014": 962.1931762695312, "30-4-2014": 962.1931762695312, "1-5-2014": 962.1931762695312, "2-5-2014": 962.1931762695312, "3-5-2014": 957.3560180664062, "4-5-2014": 962.1931762695312, "5-5-2014": 962.1931762695312, "6-5-2014": 962.1931762695312, "7-5-2014": 900.7855224609375, "8-5-2014": 962.1931762695312, "9-5-2014": 962.1931762695312, "10-5-2014": 962.1931762695312, "11-5-2014": 962.1931762695312, "12-5-2014": 0.0, "13-5-2014": 891.1558837890625, "14-5-2014": 962.1931762695312, "15-5-2014": 843.8604125976562, "16-5-2014": 852.5598754882812, "17-5-2014": 962.1931762695312, "18-5-2014": 962.1931762695312, "19-5-2014": 962.1931762695312, "20-5-2014": 2144.451904296875, "21-5-2014": 0.0, "22-5-2014": 962.1931762695312, "23-5-2014": 879.1471557617188, "24-5-2014": 693.7679443359375, "25-5-2014": 962.1931762695312, "26-5-2014": 1445.99560546875, "27-5-2014": 1066.576171875, "28-5-2014": 962.1931762695312, "29-5-2014": 981.4746704101562, "30-5-2014": 656.7387084960938, "31-5-2014": 962.1931762695312, "1-6-2014": 0.0, "2-6-2014": 1106.86669921875, "3-6-2014": 1629.6864013671875, "4-6-2014": 645.2699584960938, "5-6-2014": 788.4872436523438, "6-6-2014": 0.0, "7-6-2014": 0.0, "8-6-2014": 747.2172241210938, "9-6-2014": 0.0, "10-6-2014": 1388.0244140625, "11-6-2014": 2061.857666015625, "12-6-2014": 4058.28125, "13-6-2014": 5424.46484375, "14-6-2014": 6358.4638671875, "15-6-2014": 6462.7275390625, "16-6-2014": 7961.39501953125, "17-6-2014": 4913.353515625, "18-6-2014": 4800.57666015625, "19-6-2014": 4478.861328125, "20-6-2014": 3156.401123046875, "21-6-2014": 5252.09228515625, "22-6-2014": 8352.2470703125, "23-6-2014": 6076.80029296875, "24-6-2014": 6887.79443359375, "25-6-2014": 5382.6767578125, "26-6-2014": 3115.4638671875, "27-6-2014": 2535.46630859375, "28-6-2014": 2728.53955078125, "29-6-2014": 5881.50146484375, "30-6-2014": 6245.392578125, "1-7-2014": 6570.64794921875, "2-7-2014": 6772.53466796875, "3-7-2014": 4529.85791015625, "4-7-2014": 5232.69189453125, "5-7-2014": 7175.39111328125, "6-7-2014": 6004.27978515625, "7-7-2014": 3410.52001953125, "8-7-2014": 7777.63330078125, "9-7-2014": 5680.30126953125, "10-7-2014": 3826.61376953125, "11-7-2014": 3098.01220703125, "12-7-2014": 1735.60791015625, "13-7-2014": 5559.67138671875, "14-7-2014": 2577.50927734375, "15-7-2014": 2210.75244140625, "16-7-2014": 8687.78125, "17-7-2014": 8860.09765625, "18-7-2014": 9223.361328125, "19-7-2014": 9394.5078125, "20-7-2014": 12797.6259765625, "21-7-2014": 11722.3701171875, "22-7-2014": 15151.9521484375, "23-7-2014": 16391.08984375, "24-7-2014": 14821.333984375, "25-7-2014": 14261.517578125, "26-7-2014": 12672.44921875, "27-7-2014": 10255.9306640625, "28-7-2014": 8471.3642578125, "29-7-2014": 6606.63427734375, "30-7-2014": 5960.32275390625, "31-7-2014": 3612.57080078125, "1-8-2014": 15919.27734375, "2-8-2014": 15864.5341796875, "3-8-2014": 18095.720703125, "4-8-2014": 19043.349609375, "5-8-2014": 18197.94140625, "6-8-2014": 21437.462890625, "7-8-2014": 27242.580078125, "8-8-2014": 22405.701171875, "9-8-2014": 21944.208984375, "10-8-2014": 19729.873046875, "11-8-2014": 12181.7431640625, "12-8-2014": 11604.8798828125, "13-8-2014": 12203.5751953125, "14-8-2014": 14396.0693359375, "15-8-2014": 14633.2744140625, "16-8-2014": 12144.1259765625, "17-8-2014": 12114.7265625, "18-8-2014": 6771.65087890625, "19-8-2014": 9513.1181640625, "20-8-2014": 7113.0087890625, "21-8-2014": 6635.99560546875, "22-8-2014": 7933.68017578125, "23-8-2014": 6144.39208984375, "24-8-2014": 8219.8974609375, "25-8-2014": 7272.283203125, "26-8-2014": 6625.97119140625, "27-8-2014": 3434.360595703125, "28-8-2014": 4104.95458984375, "29-8-2014": 4607.9873046875, "30-8-2014": 5479.12451171875, "31-8-2014": 4072.5556640625, "1-9-2014": 7940.2412109375, "2-9-2014": 6981.583984375, "3-9-2014": 7891.9287109375, "4-9-2014": 7114.02685546875, "5-9-2014": 7227.6396484375, "6-9-2014": 6437.896484375, "7-9-2014": 7176.6025390625, "8-9-2014": 6210.5869140625, "9-9-2014": 7533.6240234375, "10-9-2014": 8641.6982421875, "11-9-2014": 5999.10400390625, "12-9-2014": 5685.60986328125, "13-9-2014": 5812.64453125, "14-9-2014": 5268.53271484375, "15-9-2014": 4088.27294921875, "16-9-2014": 4863.9873046875, "17-9-2014": 3679.01025390625, "18-9-2014": 3414.871826171875, "19-9-2014": 5211.77978515625, "20-9-2014": 5597.14306640625, "21-9-2014": 6897.30810546875, "22-9-2014": 5744.12353515625, "23-9-2014": 6058.9765625, "24-9-2014": 6041.60546875, "25-9-2014": 6743.689453125, "26-9-2014": 9292.2568359375, "27-9-2014": 9475.1650390625, "28-9-2014": 9742.63671875, "29-9-2014": 8595.7998046875, "30-9-2014": 8427.119140625, "1-10-2014": 11273.3330078125, "2-10-2014": 7071.81298828125, "3-10-2014": 2580.41357421875, "4-10-2014": 4140.4384765625, "5-10-2014": 3928.505126953125, "6-10-2014": 3513.8076171875, "7-10-2014": 3487.615234375, "8-10-2014": 2884.8369140625, "9-10-2014": 6838.77001953125, "10-10-2014": 7969.67578125,