{"1-1-2018": 0.0, "2-1-2018": 0.0, "3-1-2018": 163.78558349609375, "4-1-2018": 230.71783447265625, "5-1-2018": 321.67034912109375, "6-1-2018": 276.40032958984375, "7-1-2018": 228.43450927734375, "8-1-2018": 134.04681396484375, "9-1-2018": 289.42340087890625, "10-1-2018": 293.02581787109375, "11-1-2018": 170.59893798828125, "12-1-2018": 248.83209228515625, "13-1-2018": 258.3963623046875, "14-1-2018": 0.0, "15-1-2018": 260.97235107421875, "16-1-2018": 0.0, "17-1-2018": 0.0, "18-1-2018": 240.2523193359375, "19-1-2018": 160.97601318359375, "20-1-2018": 0.0, "21-1-2018": 236.4820556640625, "22-1-2018": 343.68328857421875, "23-1-2018": 0.0, "24-1-2018": 0.0, "25-1-2018": 224.1673583984375, "26-1-2018": 242.954833984375, "27-1-2018": 275.7354736328125, "28-1-2018": 0.0, "29-1-2018": 311.96075439453125, "30-1-2018": 164.10662841796875, "31-1-2018": 0.0, "1-2-2018": 0.0, "2-2-2018": 0.0, "3-2-2018": 0.0, "4-2-2018": 0.0, "5-2-2018": 0.0, "6-2-2018": 0.0, "7-2-2018": 0.0, "8-2-2018": 0.0, "9-2-2018": 0.0, "10-2-2018": 0.0, "11-2-2018": 569.7413940429688, "12-2-2018": 597.0213623046875, "13-2-2018": 0.0, "14-2-2018": 0.0, "15-2-2018": 0.0, "16-2-2018": 566.774169921875, "17-2-2018": 962.1931762695312, "18-2-2018": 0.0, "19-2-2018": 962.1931762695312, "20-2-2018": 423.78826904296875, "21-2-2018": 411.7221984863281, "22-2-2018": 353.30499267578125, "23-2-2018": 0.0, "24-2-2018": 0.0, "25-2-2018": 864.8165893554688, "26-2-2018": 962.1931762695312, "27-2-2018": 962.1931762695312, "28-2-2018": 962.1931762695312, "1-3-2018": 0.0, "2-3-2018": 0.0, "3-3-2018": 0.0, "4-3-2018": 0.0, "5-3-2018": 0.0, "6-3-2018": 0.0, "7-3-2018": 0.0, "8-3-2018": 0.0, "9-3-2018": 0.0, "10-3-2018": 0.0, "11-3-2018": 0.0, "12-3-2018": 0.0, "13-3-2018": 0.0, "14-3-2018": 0.0, "15-3-2018": 0.0, "16-3-2018": 0.0, "17-3-2018": 0.0, "18-3-2018": 0.0, "19-3-2018": 0.0, "20-3-2018": 0.0, "21-3-2018": 0.0, "22-3-2018": 0.0, "23-3-2018": 0.0, "24-3-2018": 0.0, "25-3-2018": 0.0, "26-3-2018": 0.0, "27-3-2018": 0.0, "28-3-2018": 0.0, "29-3-2018": 0.0, "30-3-2018": 0.0, "31-3-2018": 0.0, "1-4-2018": 0.0, "2-4-2018": 0.0, "3-4-2018": 0.0, "4-4-2018": 363.0257263183594, "5-4-2018": 0.0, "6-4-2018": 0.0, "7-4-2018": 0.0, "8-4-2018": 0.0, "9-4-2018": 0.0, "10-4-2018": 0.0, "11-4-2018": 0.0, "12-4-2018": 0.0, "13-4-2018": 252.57650756835938, "14-4-2018": 0.0, "15-4-2018": 0.0, "16-4-2018": 364.6343994140625, "17-4-2018": 0.0, "18-4-2018": 207.99746704101562, "19-4-2018": 129.43182373046875, "20-4-2018": 0.0, "21-4-2018": 0.0, "22-4-2018": 65.56586456298828, "23-4-2018": 0.0, "24-4-2018": 428.09576416015625, "25-4-2018": 56.97753143310547, "26-4-2018": 0.0, "27-4-2018": 0.0, "28-4-2018": 0.0, "29-4-2018": 0.0, "30-4-2018": 210.35269165039062, "1-5-2018": 197.11038208007812, "2-5-2018": 962.1931762695312, "3-5-2018": 0.0, "4-5-2018": 962.1931762695312, "5-5-2018": 529.8760986328125, "6-5-2018": 563.7643432617188, "7-5-2018": 537.1118774414062, "8-5-2018": 471.9023132324219, "9-5-2018": 439.3492431640625, "10-5-2018": 400.446533203125, "11-5-2018": 495.7262268066406, "12-5-2018": 0.0, "13-5-2018": 471.1833801269531, "14-5-2018": 435.39794921875, "15-5-2018": 458.81475830078125, "16-5-2018": 56.60881423950195, "17-5-2018": 658.612548828125, "18-5-2018": 144.75747680664062, "19-5-2018": 693.2471313476562, "20-5-2018": 485.4949951171875, "21-5-2018": 507.2121276855469, "22-5-2018": 962.1931762695312, "23-5-2018": 0.0, "24-5-2018": 962.1773681640625, "25-5-2018": 482.72869873046875, "26-5-2018": 742.9978637695312, "27-5-2018": 703.1253051757812, "28-5-2018": 959.019287109375, "29-5-2018": 719.5844116210938, "30-5-2018": 1396.435302734375, "31-5-2018": 714.36572265625, "1-6-2018": 0.0, "2-6-2018": 1097.428955078125, "3-6-2018": 296.50531005859375, "4-6-2018": 478.57904052734375, "5-6-2018": 439.02142333984375, "6-6-2018": 0.0, "7-6-2018": 0.0, "8-6-2018": 217.92083740234375, "9-6-2018": 0.0, "10-6-2018": 1098.76123046875, "11-6-2018": 2208.45654296875, "12-6-2018": 3803.2119140625, "13-6-2018": 5600.99169921875, "14-6-2018": 6422.92529296875, "15-6-2018": 6227.71337890625, "16-6-2018": 7947.8232421875, "17-6-2018": 4719.73779296875, "18-6-2018": 3613.22705078125, "19-6-2018": 1958.85107421875, "20-6-2018": 1464.09716796875, "21-6-2018": 3546.952880859375, "22-6-2018": 5732.8154296875, "23-6-2018": 5252.6005859375, "24-6-2018": 4944.51220703125, "25-6-2018": 4287.328125, "26-6-2018": 3477.27001953125, "27-6-2018": 2030.176025390625, "28-6-2018": 2170.15771484375, "29-6-2018": 4903.7939453125, "30-6-2018": 8082.90673828125, "1-7-2018": 12842.21484375, "2-7-2018": 9196.310546875, "3-7-2018": 8487.1650390625, "4-7-2018": 8755.9169921875, "5-7-2018": 18728.576171875, "6-7-2018": 21311.109375, "7-7-2018": 17521.01953125, "8-7-2018": 11347.7451171875, "9-7-2018": 23310.248046875, "10-7-2018": 33885.625, "11-7-2018": 35511.20703125, "12-7-2018": 37912.52734375, "13-7-2018": 43057.34765625, "14-7-2018": 44644.76171875, "15-7-2018": 45454.984375, "16-7-2018": 8230.982421875, "17-7-2018": 12148.72265625, "18-7-2018": 18470.642578125, "19-7-2018": 12176.5458984375, "20-7-2018": 28341.689453125, "21-7-2018": 43793.27734375, "22-7-2018": 37911.28515625, "23-7-2018": 57256.91015625, "24-7-2018": 50744.09765625, "25-7-2018": 44281.48046875, "26-7-2018": 50892.6640625, "27-7-2018": 46318.99609375, "28-7-2018": 36099.19140625, "29-7-2018": 22869.2890625, "30-7-2018": 19953.646484375, "31-7-2018": 19504.23828125, "1-8-2018": 2303.478515625, "2-8-2018": 1841.11669921875, "3-8-2018": 3324.638671875, "4-8-2018": 2553.84619140625, "5-8-2018": 4540.81005859375, "6-8-2018": 6144.50732421875, "7-8-2018": 10874.9951171875, "8-8-2018": 10295.0341796875, "9-8-2018": 13199.59375, "10-8-2018": 12006.48046875, "11-8-2018": 25854.87109375, "12-8-2018": 16273.3486328125, "13-8-2018": 12576.7958984375, "14-8-2018": 4011.225830078125, "15-8-2018": 2948.094482421875, "16-8-2018": 2323.865478515625, "17-8-2018": 3299.939208984375, "18-8-2018": 3647.751708984375, "19-8-2018": 5000.076171875, "20-8-2018": 3571.84033203125, "21-8-2018": 4290.607421875, "22-8-2018": 20838.693359375, "23-8-2018": 21794.4140625, "24-8-2018": 21535.994140625, "25-8-2018": 19714.1796875, "26-8-2018": 17855.74609375, "27-8-2018": 8339.955078125, "28-8-2018": 9183.4306640625, "29-8-2018": 10804.0546875, "30-8-2018": 17998.431640625, "31-8-2018": 14575.6318359375, "1-9-2018": 11304.5888671875, "2-9-2018": 7305.35107421875, "3-9-2018": 7683.701171875, "4-9-2018": 8168.3505859375, "5-9-2018": 6828.39208984375, "6-9-2018": 8553.0927734375, "7-9-2018": 6761.39111328125, "8-9-2018": 6527.5380859375, "9-9-2018": 9341.560546875, "10-9-2018": 10903.3857421875, "11-9-2018": 6320.88134765625, "12-9-2018": 4930.90283203125, "13-9-2018": 6011.43505859375, "14-9-2018": 4762.72509765625, "15-9-2018": 3262.71044921875, "16-9-2018": 5388.86962890625, "17-9-2018": 4796.48388671875, "18-9-2018": 4071.60400390625, "19-9-2018": 5511.46142578125, "20-9-2018": 6275.0947265625, "21-9-2018": 9420.6298828125, "22-9-2018": 7648.0576171875, "23-9-2018": 6753.42138671875, "24-9-2018": 4896.48681640625, "25-9-2018": 7736.94189453125, "26-9-2018": 9834.5693359375, "27-9-2018": 10575.7763671875, "28-9-2018": 11454.24609375, "29-9-2018": 9319.287109375, "30-9-2018": 9251.26171875, "1-10-2018": 7874.57275390625, "2-10-2018": 7547.0126953125, "3-10-2018": 6694.69970703125, "4-10-2018": 6979.97509765625, "5-10-2018": 8430.8740234375, "6-10-2018": 6707.6953125, "7-10-2018": 6963.55615234375, "8-10-2018": 4529.4580078125, "9-10-2018": 4999.73828125, "10-10-2018": 5722.919921875, "11-10-2018": 6561.30908203125, "12-10-2018": 5478.84912109375, "13-10-2018": 5619.77197265625, "14-10-2018": 4704.72119140625, "15-10-2018": 5123.65478515625, "16-10-2018": 4746.27978515625, "17-10-2018": 6851.9814453125, "18-10-2018": 5868.12939453125, "19-10-2018": 7267.28173828125, "20-10-2018": 4832.36572265625, "21-10-2018": 5169.31005859375, "22-10-2018": 4149.3564453125, "23-10-2018": 5794.48779296875,