{"1-1-2011": 962.1931762695312, "2-1-2011": 962.1931762695312, "3-1-2011": 793.0389404296875, "4-1-2011": 859.4852294921875, "5-1-2011": 855.4920043945312, "6-1-2011": 962.1931762695312, "7-1-2011": 962.1931762695312, "8-1-2011": 822.4371948242188, "9-1-2011": 848.32080078125, "10-1-2011": 962.1931762695312, "11-1-2011": 962.1931762695312, "12-1-2011": 962.1931762695312, "13-1-2011": 897.2037963867188, "14-1-2011": 962.1931762695312, "15-1-2011": 876.7250366210938, "16-1-2011": 962.1931762695312, "17-1-2011": 962.1931762695312, "18-1-2011": 962.1931762695312, "19-1-2011": 962.1931762695312, "20-1-2011": 924.6047973632812, "21-1-2011": 838.505126953125, "22-1-2011": 962.7744750976562, "23-1-2011": 958.946044921875, "24-1-2011": 962.1931762695312, "25-1-2011": 962.1931762695312, "26-1-2011": 962.1931762695312, "27-1-2011": 962.1931762695312, "28-1-2011": 791.7003173828125, "29-1-2011": 891.3098754882812, "30-1-2011": 962.1931762695312, "31-1-2011": 785.6686401367188, "1-2-2011": 962.1931762695312, "2-2-2011": 729.3648071289062, "3-2-2011": 962.1931762695312, "4-2-2011": 962.1931762695312, "5-2-2011": 657.010498046875, "6-2-2011": 1269.3953857421875, "7-2-2011": 962.1931762695312, "8-2-2011": 962.1931762695312, "9-2-2011": 962.1931762695312, "10-2-2011": 962.1931762695312, "11-2-2011": 962.1931762695312, "12-2-2011": 962.1931762695312, "13-2-2011": 696.1465454101562, "14-2-2011": 962.1931762695312, "15-2-2011": 668.0132446289062, "16-2-2011": 962.1931762695312, "17-2-2011": 962.1931762695312, "18-2-2011": 962.1931762695312, "19-2-2011": 962.1931762695312, "20-2-2011": 962.1931762695312, "21-2-2011": 962.1931762695312, "22-2-2011": 982.4160766601562, "23-2-2011": 962.1931762695312, "24-2-2011": 887.5599975585938, "25-2-2011": 962.1931762695312, "26-2-2011": 962.1931762695312, "27-2-2011": 615.6834106445312, "28-2-2011": 962.1931762695312, "1-3-2011": 0.0, "2-3-2011": 0.0, "3-3-2011": 0.0, "4-3-2011": 0.0, "5-3-2011": 0.0, "6-3-2011": 0.0, "7-3-2011": 0.0, "8-3-2011": 0.0, "9-3-2011": 0.0, "10-3-2011": 0.0, "11-3-2011": 0.0, "12-3-2011": 0.0, "13-3-2011": 0.0, "14-3-2011": 0.0, "15-3-2011": 0.0, "16-3-2011": 0.0, "17-3-2011": 0.0, "18-3-2011": 0.0, "19-3-2011": 0.0, "20-3-2011": 0.0, "21-3-2011": 0.0, "22-3-2011": 0.0, "23-3-2011": 0.0, "24-3-2011": 0.0, "25-3-2011": 0.0, "26-3-2011": 0.0, "27-3-2011": 0.0, "28-3-2011": 0.0, "29-3-2011": 0.0, "30-3-2011": 0.0, "31-3-2011": 0.0, "1-4-2011": 0.0, "2-4-2011": 274.7976989746094, "3-4-2011": 64.56820678710938, "4-4-2011": 0.0, "5-4-2011": 0.0, "6-4-2011": 0.0, "7-4-2011": 0.0, "8-4-2011": 0.0, "9-4-2011": 962.1931762695312, "10-4-2011": 1152.18798828125, "11-4-2011": 962.1931762695312, "12-4-2011": 1164.10302734375, "13-4-2011": 841.0636596679688, "14-4-2011": 246.2059783935547, "15-4-2011": 0.0, "16-4-2011": 0.0, "17-4-2011": 615.9298706054688, "18-4-2011": 861.4760131835938, "19-4-2011": 654.2186889648438, "20-4-2011": 0.0, "21-4-2011": 1370.392822265625, "22-4-2011": 2073.980224609375, "23-4-2011": 7075.24609375, "24-4-2011": 3490.005859375, "25-4-2011": 3863.90673828125, "26-4-2011": 4229.9951171875, "27-4-2011": 3068.19970703125, "28-4-2011": 1461.4833984375, "29-4-2011": 2185.782958984375, "30-4-2011": 2427.01953125, "1-5-2011": 962.1931762695312, "2-5-2011": 962.1931762695312, "3-5-2011": 957.7219848632812, "4-5-2011": 962.1931762695312, "5-5-2011": 962.1931762695312, "6-5-2011": 962.1931762695312, "7-5-2011": 908.1672973632812, "8-5-2011": 962.1931762695312, "9-5-2011": 962.1931762695312, "10-5-2011": 962.1931762695312, "11-5-2011": 962.1931762695312, "12-5-2011": 0.0, "13-5-2011": 891.2977294921875, "14-5-2011": 962.1931762695312, "15-5-2011": 842.916748046875, "16-5-2011": 849.8336181640625, "17-5-2011": 962.1931762695312, "18-5-2011": 962.1931762695312, "19-5-2011": 962.1931762695312, "20-5-2011": 2148.66796875, "21-5-2011": 0.0, "22-5-2011": 962.1931762695312, "23-5-2011": 873.0696411132812, "24-5-2011": 692.2626953125, "25-5-2011": 962.1931762695312, "26-5-2011": 1427.56396484375, "27-5-2011": 1059.8077392578125, "28-5-2011": 962.1931762695312, "29-5-2011": 981.9683227539062, "30-5-2011": 652.0094604492188, "31-5-2011": 962.1931762695312, "1-6-2011": 1281.035400390625, "2-6-2011": 1061.598388671875, "3-6-2011": 0.0, "4-6-2011": 1311.4656982421875, "5-6-2011": 574.2965698242188, "6-6-2011": 0.0, "7-6-2011": 0.0, "8-6-2011": 2560.97900390625, "9-6-2011": 2330.9189453125, "10-6-2011": 1220.238525390625, "11-6-2011": 2164.46484375, "12-6-2011": 1522.3265380859375, "13-6-2011": 1293.971923828125, "14-6-2011": 3514.14013671875, "15-6-2011": 4788.57861328125, "16-6-2011": 3872.963623046875, "17-6-2011": 4288.49658203125, "18-6-2011": 6347.17431640625, "19-6-2011": 5205.28173828125, "20-6-2011": 8612.6005859375, "21-6-2011": 6805.15966796875, "22-6-2011": 6293.41943359375, "23-6-2011": 6805.24267578125, "24-6-2011": 5149.95166015625, "25-6-2011": 5692.32421875, "26-6-2011": 7356.91259765625, "27-6-2011": 13196.2998046875, "28-6-2011": 16316.7216796875, "29-6-2011": 14897.9482421875, "30-6-2011": 9942.5947265625, "1-7-2011": 7221.84716796875, "2-7-2011": 6124.2822265625, "3-7-2011": 5810.23193359375, "4-7-2011": 7382.70751953125, "5-7-2011": 5489.33740234375, "6-7-2011": 4563.38330078125, "7-7-2011": 8484.341796875, "8-7-2011": 3196.67724609375, "9-7-2011": 4679.49853515625, "10-7-2011": 3241.08154296875, "11-7-2011": 3575.35009765625, "12-7-2011": 5073.34619140625, "13-7-2011": 3660.22998046875, "14-7-2011": 4042.73388671875, "15-7-2011": 4225.46533203125, "16-7-2011": 7073.58544921875, "17-7-2011": 7666.47802734375, "18-7-2011": 9625.0869140625, "19-7-2011": 10258.3134765625, "20-7-2011": 10922.552734375, "21-7-2011": 13913.294921875, "22-7-2011": 12246.013671875, "23-7-2011": 9340.3935546875, "24-7-2011": 11190.4912109375, "25-7-2011": 10895.1494140625, "26-7-2011": 11935.7080078125, "27-7-2011": 9335.154296875, "28-7-2011": 6763.79931640625, "29-7-2011": 6570.11669921875, "30-7-2011": 6576.27001953125, "31-7-2011": 6160.68505859375, "1-8-2011": 6869.66357421875, "2-8-2011": 8123.89501953125, "3-8-2011": 7862.07958984375, "4-8-2011": 7949.90234375, "5-8-2011": 10964.591796875, "6-8-2011": 13697.7158203125, "7-8-2011": 17535.720703125, "8-8-2011": 16873.025390625, "9-8-2011": 14070.7001953125, "10-8-2011": 10973.7861328125, "11-8-2011": 5729.837890625, "12-8-2011": 5460.361328125, "13-8-2011": 8346.328125, "14-8-2011": 10039.33984375, "15-8-2011": 9354.130859375, "16-8-2011": 10302.6748046875, "17-8-2011": 9545.0830078125, "18-8-2011": 8031.65576171875, "19-8-2011": 7647.81982421875, "20-8-2011": 4439.88818359375, "21-8-2011": 5620.86376953125, "22-8-2011": 5283.13720703125, "23-8-2011": 5831.41162109375, "24-8-2011": 5951.21923828125, "25-8-2011": 6220.04345703125, "26-8-2011": 5728.78076171875, "27-8-2011": 6225.60888671875, "28-8-2011": 6386.77392578125, "29-8-2011": 6103.828125, "30-8-2011": 4518.5927734375, "31-8-2011": 4954.48095703125, "1-9-2011": 19274.046875, "2-9-2011": 23652.17578125, "3-9-2011": 26863.365234375, "4-9-2011": 30253.8203125, "5-9-2011": 37167.4921875, "6-9-2011": 33393.40234375, "7-9-2011": 27555.439453125, "8-9-2011": 21620.09375, "9-9-2011": 17522.818359375, "10-9-2011": 14644.9638671875, "11-9-2011": 15069.25390625, "12-9-2011": 13290.4580078125, "13-9-2011": 12311.3173828125, "14-9-2011": 11858.15234375, "15-9-2011": 12313.8603515625, "16-9-2011": 11320.892578125, "17-9-2011": 12501.8759765625, "18-9-2011": 9468.6904296875, "19-9-2011": 9337.6630859375, "20-9-2011": 10948.623046875, "21-9-2011": 7029.52880859375, "22-9-2011": 6405.09521484375, "23-9-2011": 4236.83740234375, "24-9-2011": 2713.843017578125, "25-9-2011": 1230.334716796875, "26-9-2011": 2721.29833984375, "27-9-2011": 3962.3955078125, "28-9-2011": 3921.466796875, "29-9-2011": 3269.9052734375, "30-9-2011": 2909.9130859375, "1-10-2011": 3138.155029296875, "2-10-2011": 5975.04736328125, "3-10-2011": 5477.90185546875, "4-10-2011": 4388.66259765625, "5-10-2011": 4970.6416015625, "6-10-2011": 6379.638671875,