{"1-1-2017": 1232.1947021484375, "2-1-2017": 896.636962890625, "3-1-2017": 980.8516235351562, "4-1-2017": 1024.0770263671875, "5-1-2017": 723.0161743164062, "6-1-2017": 601.5382690429688, "7-1-2017": 649.0758056640625, "8-1-2017": 707.9618530273438, "9-1-2017": 700.5675048828125, "10-1-2017": 767.4859008789062, "11-1-2017": 718.5184326171875, "12-1-2017": 879.562744140625, "13-1-2017": 701.4560546875, "14-1-2017": 637.1919555664062, "15-1-2017": 619.2626342773438, "16-1-2017": 437.5512390136719, "17-1-2017": 428.5726013183594, "18-1-2017": 661.3489379882812, "19-1-2017": 539.8287963867188, "20-1-2017": 684.14111328125, "21-1-2017": 622.2765502929688, "22-1-2017": 486.8062438964844, "23-1-2017": 556.3040771484375, "24-1-2017": 473.1590881347656, "25-1-2017": 592.7669677734375, "26-1-2017": 653.35498046875, "27-1-2017": 443.7402648925781, "28-1-2017": 335.3050231933594, "29-1-2017": 205.08615112304688, "30-1-2017": 0.0, "31-1-2017": 216.49044799804688, "1-2-2017": 0.0, "2-2-2017": 0.0, "3-2-2017": 0.0, "4-2-2017": 0.0, "5-2-2017": 0.0, "6-2-2017": 0.0, "7-2-2017": 0.0, "8-2-2017": 0.0, "9-2-2017": 0.0, "10-2-2017": 0.0, "11-2-2017": 0.0, "12-2-2017": 0.0, "13-2-2017": 0.0, "14-2-2017": 0.0, "15-2-2017": 0.0, "16-2-2017": 0.0, "17-2-2017": 0.0, "18-2-2017": 0.0, "19-2-2017": 0.0, "20-2-2017": 0.0, "21-2-2017": 0.0, "22-2-2017": 0.0, "23-2-2017": 0.0, "24-2-2017": 0.0, "25-2-2017": 0.0, "26-2-2017": 976.05810546875, "27-2-2017": 4480.33642578125, "28-2-2017": 3565.572509765625, "1-3-2017": 0.0, "2-3-2017": 0.0, "3-3-2017": 0.0, "4-3-2017": 0.0, "5-3-2017": 0.0, "6-3-2017": 0.0, "7-3-2017": 0.0, "8-3-2017": 0.0, "9-3-2017": 0.0, "10-3-2017": 0.0, "11-3-2017": 0.0, "12-3-2017": 0.0, "13-3-2017": 0.0, "14-3-2017": 0.0, "15-3-2017": 0.0, "16-3-2017": 0.0, "17-3-2017": 0.0, "18-3-2017": 0.0, "19-3-2017": 0.0, "20-3-2017": 0.0, "21-3-2017": 0.0, "22-3-2017": 0.0, "23-3-2017": 0.0, "24-3-2017": 0.0, "25-3-2017": 0.0, "26-3-2017": 0.0, "27-3-2017": 0.0, "28-3-2017": 0.0, "29-3-2017": 0.0, "30-3-2017": 0.0, "31-3-2017": 0.0, "1-4-2017": 0.0, "2-4-2017": 0.0, "3-4-2017": 0.0, "4-4-2017": 0.0, "5-4-2017": 0.0, "6-4-2017": 0.0, "7-4-2017": 0.0, "8-4-2017": 0.0, "9-4-2017": 0.0, "10-4-2017": 0.0, "11-4-2017": 0.0, "12-4-2017": 0.0, "13-4-2017": 0.0, "14-4-2017": 0.0, "15-4-2017": 0.0, "16-4-2017": 0.0, "17-4-2017": 0.0, "18-4-2017": 0.0, "19-4-2017": 0.0, "20-4-2017": 0.0, "21-4-2017": 0.0, "22-4-2017": 0.0, "23-4-2017": 0.0, "24-4-2017": 0.0, "25-4-2017": 0.0, "26-4-2017": 0.0, "27-4-2017": 0.0, "28-4-2017": 0.0, "29-4-2017": 0.0, "30-4-2017": 0.0, "1-5-2017": 0.0, "2-5-2017": 0.0, "3-5-2017": 0.0, "4-5-2017": 0.0, "5-5-2017": 0.0, "6-5-2017": 0.0, "7-5-2017": 0.0, "8-5-2017": 0.0, "9-5-2017": 0.0, "10-5-2017": 0.0, "11-5-2017": 0.0, "12-5-2017": 0.0, "13-5-2017": 0.0, "14-5-2017": 0.0, "15-5-2017": 0.0, "16-5-2017": 0.0, "17-5-2017": 0.0, "18-5-2017": 0.0, "19-5-2017": 0.0, "20-5-2017": 0.0, "21-5-2017": 0.0, "22-5-2017": 0.0, "23-5-2017": 0.0, "24-5-2017": 0.0, "25-5-2017": 0.0, "26-5-2017": 0.0, "27-5-2017": 0.0, "28-5-2017": 0.0, "29-5-2017": 0.0, "30-5-2017": 0.0, "31-5-2017": 0.0, "1-6-2017": 0.0, "2-6-2017": 0.0, "3-6-2017": 0.0, "4-6-2017": 0.0, "5-6-2017": 0.0, "6-6-2017": 0.0, "7-6-2017": 0.0, "8-6-2017": 0.0, "9-6-2017": 0.0, "10-6-2017": 0.0, "11-6-2017": 129.57254028320312, "12-6-2017": 414.8604431152344, "13-6-2017": 523.4163818359375, "14-6-2017": 769.9185180664062, "15-6-2017": 961.9137573242188, "16-6-2017": 558.5830688476562, "17-6-2017": 0.0, "18-6-2017": 1771.3482666015625, "19-6-2017": 1173.017333984375, "20-6-2017": 1468.699951171875, "21-6-2017": 3144.081787109375, "22-6-2017": 6230.03857421875, "23-6-2017": 6172.970703125, "24-6-2017": 5399.916015625, "25-6-2017": 4297.94873046875, "26-6-2017": 3135.1572265625, "27-6-2017": 1783.5531005859375, "28-6-2017": 1522.73974609375, "29-6-2017": 3740.579833984375, "30-6-2017": 7198.7236328125, "1-7-2017": 7653.25830078125, "2-7-2017": 6496.03955078125, "3-7-2017": 5569.07763671875, "4-7-2017": 5512.38232421875, "5-7-2017": 4627.4140625, "6-7-2017": 5734.82763671875, "7-7-2017": 5805.8896484375, "8-7-2017": 6867.7001953125, "9-7-2017": 3930.707763671875, "10-7-2017": 4494.10400390625, "11-7-2017": 3932.61181640625, "12-7-2017": 2588.1787109375, "13-7-2017": 1448.15185546875, "14-7-2017": 1091.2001953125, "15-7-2017": 686.4547729492188, "16-7-2017": 2736.0966796875, "17-7-2017": 2116.436767578125, "18-7-2017": 1968.514404296875, "19-7-2017": 2061.46630859375, "20-7-2017": 3799.842529296875, "21-7-2017": 13450.6640625, "22-7-2017": 20375.005859375, "23-7-2017": 15576.7119140625, "24-7-2017": 9244.279296875, "25-7-2017": 6204.4482421875, "26-7-2017": 5240.39404296875, "27-7-2017": 3614.21337890625, "28-7-2017": 4030.405029296875, "29-7-2017": 3529.1787109375, "30-7-2017": 4291.63916015625, "31-7-2017": 4691.2734375, "1-8-2017": 5434.14892578125, "2-8-2017": 5155.75146484375, "3-8-2017": 5809.09814453125, "4-8-2017": 5148.38818359375, "5-8-2017": 4967.72900390625, "6-8-2017": 6310.658203125, "7-8-2017": 13216.6455078125, "8-8-2017": 8684.44140625, "9-8-2017": 9241.0537109375, "10-8-2017": 9284.654296875, "11-8-2017": 8695.6064453125, "12-8-2017": 8141.17822265625, "13-8-2017": 8081.8212890625, "14-8-2017": 8448.2509765625, "15-8-2017": 8844.3896484375, "16-8-2017": 8507.5185546875, "17-8-2017": 6698.75927734375, "18-8-2017": 3704.048583984375, "19-8-2017": 499.3550720214844, "20-8-2017": 1054.3642578125, "21-8-2017": 3913.3984375, "22-8-2017": 10317.654296875, "23-8-2017": 12214.5146484375, "24-8-2017": 12446.3837890625, "25-8-2017": 11210.4853515625, "26-8-2017": 10731.8671875, "27-8-2017": 11282.1875, "28-8-2017": 13506.857421875, "29-8-2017": 17665.810546875, "30-8-2017": 29346.931640625, "31-8-2017": 29909.830078125, "1-9-2017": 18704.640625, "2-9-2017": 14646.6171875, "3-9-2017": 14660.0087890625, "4-9-2017": 13749.9375, "5-9-2017": 13065.5400390625, "6-9-2017": 7662.896484375, "7-9-2017": 8882.3642578125, "8-9-2017": 6436.01318359375, "9-9-2017": 10245.6552734375, "10-9-2017": 10999.501953125, "11-9-2017": 8922.404296875, "12-9-2017": 5459.4296875, "13-9-2017": 6163.16552734375, "14-9-2017": 5306.45556640625, "15-9-2017": 3720.27001953125, "16-9-2017": 3798.15234375, "17-9-2017": 3226.33935546875, "18-9-2017": 3077.4765625, "19-9-2017": 4127.51806640625, "20-9-2017": 7383.52587890625, "21-9-2017": 8853.796875, "22-9-2017": 5786.70458984375, "23-9-2017": 4557.52001953125, "24-9-2017": 3432.588623046875, "25-9-2017": 6174.69580078125, "26-9-2017": 10138.216796875, "27-9-2017": 12430.568359375, "28-9-2017": 14601.4697265625, "29-9-2017": 13353.8037109375, "30-9-2017": 9815.728515625, "1-10-2017": 6773.2421875, "2-10-2017": 5852.95361328125, "3-10-2017": 6049.88134765625, "4-10-2017": 5674.65380859375, "5-10-2017": 5523.27978515625, "6-10-2017": 5007.27197265625, "7-10-2017": 5430.74462890625, "8-10-2017": 4555.36962890625, "9-10-2017": 4264.08740234375, "10-10-2017": 4026.03466796875, "11-10-2017": 5752.74951171875, "12-10-2017": 4300.68310546875, "13-10-2017": 4004.77783203125, "14-10-2017": 3629.052001953125, "15-10-2017": 3968.57470703125, "16-10-2017": 4317.4970703125, "17-10-2017": 4268.36083984375, "18-10-2017": 3751.65234375, "19-10-2017": 6078.97802734375, "20-10-2017": 4013.8310546875, "21-10-2017": 4281.37353515625, "22-10-2017": 2581.628662109375, "23-10-2017": 3219.634521484375, "24-10-2017": 3301.81298828125, "25-10-2017": 2791.44873046875, "26-10-2017": 2752.395263671875, "27-10-2017": 2902.94482421875, "28-10-2017": 3119.31494140625, "29-10-2017": 2309.076904296875, "30-10-2017": 1817.2694091796875, "31-10-2017": 1966.2412109375, "1-11-2017": 2548.42919921875, "2-11-2017": 3271.869140625, "3-11-2017": 3324.5888671875, "4-11-2017": 3122.06103515625, "5-11-2017": 2451.4443359375, "6-11-2017": 2345.091796875, "7-11-2017": 1657.112548828125, "8-11-2017": 1701.91845703125, "9-11-2017": 1977.38818359375, "10-11-2017": 1780.76416015625, "11-11-2017": 2289.691650390625,