{"1-1-2020": 0.0, "2-1-2020": 0.0, "3-1-2020": 0.0, "4-1-2020": 0.0, "5-1-2020": 0.0, "6-1-2020": 0.0, "7-1-2020": 0.0, "8-1-2020": 0.0, "9-1-2020": 0.0, "10-1-2020": 0.0, "11-1-2020": 0.0, "12-1-2020": 0.0, "13-1-2020": 0.0, "14-1-2020": 0.0, "15-1-2020": 0.0, "16-1-2020": 0.0, "17-1-2020": 0.0, "18-1-2020": 0.0, "19-1-2020": 0.0, "20-1-2020": 0.0, "21-1-2020": 0.0, "22-1-2020": 0.0, "23-1-2020": 0.0, "24-1-2020": 0.0, "25-1-2020": 0.0, "26-1-2020": 0.0, "27-1-2020": 0.0, "28-1-2020": 0.0, "29-1-2020": 0.0, "30-1-2020": 0.0, "31-1-2020": 0.0, "1-2-2020": 0.0, "2-2-2020": 0.0, "3-2-2020": 0.0, "4-2-2020": 0.0, "5-2-2020": 0.0, "6-2-2020": 0.0, "7-2-2020": 0.0, "8-2-2020": 0.0, "9-2-2020": 0.0, "10-2-2020": 0.0, "11-2-2020": 0.0, "12-2-2020": 0.0, "13-2-2020": 0.0, "14-2-2020": 0.0, "15-2-2020": 0.0, "16-2-2020": 0.0, "17-2-2020": 0.0, "18-2-2020": 0.0, "19-2-2020": 0.0, "20-2-2020": 0.0, "21-2-2020": 0.0, "22-2-2020": 0.0, "23-2-2020": 0.0, "24-2-2020": 0.0, "25-2-2020": 0.0, "26-2-2020": 527.256103515625, "27-2-2020": 2521.6611328125, "28-2-2020": 1415.3656005859375, "29-2-2020": 0.0, "1-3-2020": 0.0, "2-3-2020": 0.0, "3-3-2020": 0.0, "4-3-2020": 0.0, "5-3-2020": 0.0, "6-3-2020": 0.0, "7-3-2020": 0.0, "8-3-2020": 0.0, "9-3-2020": 0.0, "10-3-2020": 0.0, "11-3-2020": 0.0, "12-3-2020": 0.0, "13-3-2020": 0.0, "14-3-2020": 0.0, "15-3-2020": 0.0, "16-3-2020": 0.0, "17-3-2020": 0.0, "18-3-2020": 0.0, "19-3-2020": 0.0, "20-3-2020": 0.0, "21-3-2020": 0.0, "22-3-2020": 0.0, "23-3-2020": 0.0, "24-3-2020": 0.0, "25-3-2020": 0.0, "26-3-2020": 0.0, "27-3-2020": 0.0, "28-3-2020": 0.0, "29-3-2020": 0.0, "30-3-2020": 0.0, "31-3-2020": 0.0, "1-4-2020": 0.0, "2-4-2020": 0.0, "3-4-2020": 0.0, "4-4-2020": 0.0, "5-4-2020": 0.0, "6-4-2020": 0.0, "7-4-2020": 0.0, "8-4-2020": 0.0, "9-4-2020": 0.0, "10-4-2020": 0.0, "11-4-2020": 0.0, "12-4-2020": 0.0, "13-4-2020": 0.0, "14-4-2020": 0.0, "15-4-2020": 0.0, "16-4-2020": 0.0, "17-4-2020": 0.0, "18-4-2020": 0.0, "19-4-2020": 0.0, "20-4-2020": 0.0, "21-4-2020": 0.0, "22-4-2020": 0.0, "23-4-2020": 0.0, "24-4-2020": 0.0, "25-4-2020": 0.0, "26-4-2020": 0.0, "27-4-2020": 0.0, "28-4-2020": 0.0, "29-4-2020": 0.0, "30-4-2020": 0.0, "1-5-2020": 0.0, "2-5-2020": 0.0, "3-5-2020": 0.0, "4-5-2020": 0.0, "5-5-2020": 0.0, "6-5-2020": 0.0, "7-5-2020": 0.0, "8-5-2020": 0.0, "9-5-2020": 0.0, "10-5-2020": 0.0, "11-5-2020": 0.0, "12-5-2020": 0.0, "13-5-2020": 0.0, "14-5-2020": 0.0, "15-5-2020": 0.0, "16-5-2020": 0.0, "17-5-2020": 0.0, "18-5-2020": 0.0, "19-5-2020": 0.0, "20-5-2020": 0.0, "21-5-2020": 0.0, "22-5-2020": 0.0, "23-5-2020": 0.0, "24-5-2020": 0.0, "25-5-2020": 0.0, "26-5-2020": 0.0, "27-5-2020": 0.0, "28-5-2020": 0.0, "29-5-2020": 0.0, "30-5-2020": 0.0, "31-5-2020": 0.0, "1-6-2020": 1635.56884765625, "2-6-2020": 2088.031005859375, "3-6-2020": 2134.40625, "4-6-2020": 1962.479736328125, "5-6-2020": 1553.6527099609375, "6-6-2020": 1808.8226318359375, "7-6-2020": 744.4425048828125, "8-6-2020": 2870.983154296875, "9-6-2020": 3392.58642578125, "10-6-2020": 1212.80078125, "11-6-2020": 0.0, "12-6-2020": 0.0, "13-6-2020": 0.0, "14-6-2020": 0.0, "15-6-2020": 0.0, "16-6-2020": 0.0, "17-6-2020": 0.0, "18-6-2020": 2384.965087890625, "19-6-2020": 2678.86181640625, "20-6-2020": 2429.6708984375, "21-6-2020": 3565.7001953125, "22-6-2020": 7530.89306640625, "23-6-2020": 6975.240234375, "24-6-2020": 6704.5576171875, "25-6-2020": 6178.029296875, "26-6-2020": 6603.93408203125, "27-6-2020": 5985.70068359375, "28-6-2020": 6740.01806640625, "29-6-2020": 5448.68701171875, "30-6-2020": 3277.00146484375, "1-7-2020": 1478.828369140625, "2-7-2020": 675.4697875976562, "3-7-2020": 462.600830078125, "4-7-2020": 3898.8115234375, "5-7-2020": 4378.8251953125, "6-7-2020": 5062.82470703125, "7-7-2020": 5152.7734375, "8-7-2020": 7835.72705078125, "9-7-2020": 4971.67041015625, "10-7-2020": 6501.58154296875, "11-7-2020": 6066.83251953125, "12-7-2020": 7238.67529296875, "13-7-2020": 7425.740234375, "14-7-2020": 6991.2802734375, "15-7-2020": 6364.05615234375, "16-7-2020": 2634.624267578125, "17-7-2020": 2603.02099609375, "18-7-2020": 3282.31005859375, "19-7-2020": 3770.962158203125, "20-7-2020": 6886.78369140625, "21-7-2020": 9351.7412109375, "22-7-2020": 8090.68701171875, "23-7-2020": 7552.01611328125, "24-7-2020": 7450.689453125, "25-7-2020": 5350.05810546875, "26-7-2020": 5628.57275390625, "27-7-2020": 5385.1103515625, "28-7-2020": 4633.36181640625, "29-7-2020": 3478.51806640625, "30-7-2020": 3366.1884765625, "31-7-2020": 3277.810791015625, "1-8-2020": 0.0, "2-8-2020": 0.0, "3-8-2020": 0.0, "4-8-2020": 0.0, "5-8-2020": 0.0, "6-8-2020": 0.0, "7-8-2020": 0.0, "8-8-2020": 2542.05224609375, "9-8-2020": 0.0, "10-8-2020": 0.0, "11-8-2020": 0.0, "12-8-2020": 0.0, "13-8-2020": 0.0, "14-8-2020": 13411.2333984375, "15-8-2020": 0.0, "16-8-2020": 0.0, "17-8-2020": 49.90572738647461, "18-8-2020": 629.5663452148438, "19-8-2020": 0.0, "20-8-2020": 0.0, "21-8-2020": 0.0, "22-8-2020": 0.0, "23-8-2020": 0.0, "24-8-2020": 0.0, "25-8-2020": 0.0, "26-8-2020": 0.0, "27-8-2020": 0.0, "28-8-2020": 0.0, "29-8-2020": 631.3788452148438, "30-8-2020": 152.36373901367188, "31-8-2020": 596.8710327148438, "1-9-2020": 10952.8095703125, "2-9-2020": 10401.8525390625, "3-9-2020": 11374.4228515625, "4-9-2020": 11501.107421875, "5-9-2020": 12745.3857421875, "6-9-2020": 13745.1357421875, "7-9-2020": 15340.2470703125, "8-9-2020": 10757.3046875, "9-9-2020": 11906.322265625, "10-9-2020": 12299.8330078125, "11-9-2020": 10058.947265625, "12-9-2020": 11758.5322265625, "13-9-2020": 12906.947265625, "14-9-2020": 11394.630859375, "15-9-2020": 9174.6943359375, "16-9-2020": 9162.0947265625, "17-9-2020": 8816.6162109375, "18-9-2020": 7741.84716796875, "19-9-2020": 7930.0380859375, "20-9-2020": 6349.09423828125, "21-9-2020": 6675.666015625, "22-9-2020": 5683.9765625, "23-9-2020": 4732.10107421875, "24-9-2020": 3819.19921875, "25-9-2020": 2904.685546875, "26-9-2020": 2005.1278076171875, "27-9-2020": 1745.359130859375, "28-9-2020": 1348.569580078125, "29-9-2020": 1063.121826171875, "30-9-2020": 1872.6263427734375, "1-10-2020": 2961.475830078125, "2-10-2020": 3125.970458984375, "3-10-2020": 2996.01123046875, "4-10-2020": 2907.3525390625, "5-10-2020": 2704.9150390625, "6-10-2020": 2229.925537109375, "7-10-2020": 1792.280029296875, "8-10-2020": 2428.5205078125, "9-10-2020": 3159.28857421875, "10-10-2020": 3606.053466796875, "11-10-2020": 3656.04638671875, "12-10-2020": 2469.62744140625, "13-10-2020": 2285.41748046875, "14-10-2020": 1598.13134765625, "15-10-2020": 2095.29150390625, "16-10-2020": 2774.250244140625, "17-10-2020": 2593.1484375, "18-10-2020": 3052.27001953125, "19-10-2020": 4455.63330078125, "20-10-2020": 5251.27587890625, "21-10-2020": 13101.49609375, "22-10-2020": 9227.0556640625, "23-10-2020": 3607.7060546875, "24-10-2020": 3149.993896484375, "25-10-2020": 4437.16748046875, "26-10-2020": 4175.1962890625, "27-10-2020": 2511.34130859375, "28-10-2020": 2598.75634765625, "29-10-2020": 2116.72900390625, "30-10-2020": 1693.236083984375, "31-10-2020": 1919.7236328125, "1-11-2020": 6771.08837890625, "2-11-2020": 6782.72900390625, "3-11-2020": 7167.00537109375, "4-11-2020": 6812.41162109375, "5-11-2020": 6288.97705078125, "6-11-2020": 6525.99072265625, "7-11-2020": 4024.9765625, "8-11-2020": 4700.169921875, "9-11-2020": 3669.475341796875, "10-11-2020": 9670.4853515625, "11-11-2020": 9669.6943359375, "12-11-2020": 5211.4931640625, "13-11-2020": 5060.1591796875, "14-11-2020": 5575.0771484375, "15-11-2020": 5513.638671875, "16-11-2020": 5503.18310546875, "17-11-2020": 5271.05908203125, "18-11-2020": 4695.24072265625, "19-11-2020": 4644.63720703125, "20-11-2020": 3975.458251953125, "21-11-2020": 3471.763427734375, "22-11-2020": 3173.110107421875, "23-11-2020": 3132.88525390625, "24-11-2020": 2810.635009765625, "25-11-2020": 3118.4765625, "26-11-2020": 2487.96826171875, "27-11-2020": 2800.021484375, "28-11-2020": 3002.41796875, "29-11-2020": 2844.17626953125, "30-11-2020": 2633.130859375, "1-12-2020": 1558.569091796875,