{"1-1-2015": 836.9949340820312, "2-1-2015": 962.1931762695312, "3-1-2015": 962.1931762695312, "4-1-2015": 962.1931762695312, "5-1-2015": 962.1931762695312, "6-1-2015": 962.1931762695312, "7-1-2015": 644.3389282226562, "8-1-2015": 962.1931762695312, "9-1-2015": 962.1931762695312, "10-1-2015": 779.6641845703125, "11-1-2015": 962.1931762695312, "12-1-2015": 597.1617431640625, "13-1-2015": 594.8617553710938, "14-1-2015": 962.1931762695312, "15-1-2015": 962.1931762695312, "16-1-2015": 606.6146240234375, "17-1-2015": 501.8282470703125, "18-1-2015": 962.1931762695312, "19-1-2015": 633.0801391601562, "20-1-2015": 619.6982421875, "21-1-2015": 962.1931762695312, "22-1-2015": 962.1931762695312, "23-1-2015": 707.6038208007812, "24-1-2015": 962.1931762695312, "25-1-2015": 962.1931762695312, "26-1-2015": 678.8970947265625, "27-1-2015": 574.7218627929688, "28-1-2015": 575.799560546875, "29-1-2015": 574.5184936523438, "30-1-2015": 583.7423095703125, "31-1-2015": 371.8290100097656, "1-2-2015": 446.114501953125, "2-2-2015": 437.142822265625, "3-2-2015": 406.35418701171875, "4-2-2015": 408.12017822265625, "5-2-2015": 446.99334716796875, "6-2-2015": 432.44671630859375, "7-2-2015": 499.72723388671875, "8-2-2015": 666.3566284179688, "9-2-2015": 440.73602294921875, "10-2-2015": 416.9052734375, "11-2-2015": 468.807373046875, "12-2-2015": 402.87225341796875, "13-2-2015": 403.27593994140625, "14-2-2015": 371.6959533691406, "15-2-2015": 427.42437744140625, "16-2-2015": 470.94586181640625, "17-2-2015": 381.59967041015625, "18-2-2015": 424.63067626953125, "19-2-2015": 331.39617919921875, "20-2-2015": 560.3187866210938, "21-2-2015": 520.8619995117188, "22-2-2015": 306.0811462402344, "23-2-2015": 414.81048583984375, "24-2-2015": 63.098087310791016, "25-2-2015": 410.987060546875, "26-2-2015": 372.83551025390625, "27-2-2015": 0.0, "28-2-2015": 0.0, "1-3-2015": 0.0, "2-3-2015": 0.0, "3-3-2015": 0.0, "4-3-2015": 0.0, "5-3-2015": 0.0, "6-3-2015": 0.0, "7-3-2015": 0.0, "8-3-2015": 0.0, "9-3-2015": 0.0, "10-3-2015": 0.0, "11-3-2015": 0.0, "12-3-2015": 0.0, "13-3-2015": 0.0, "14-3-2015": 0.0, "15-3-2015": 0.0, "16-3-2015": 0.0, "17-3-2015": 0.0, "18-3-2015": 0.0, "19-3-2015": 0.0, "20-3-2015": 0.0, "21-3-2015": 0.0, "22-3-2015": 0.0, "23-3-2015": 0.0, "24-3-2015": 0.0, "25-3-2015": 0.0, "26-3-2015": 0.0, "27-3-2015": 0.0, "28-3-2015": 0.0, "29-3-2015": 0.0, "30-3-2015": 0.0, "31-3-2015": 0.0, "1-4-2015": 0.0, "2-4-2015": 0.0, "3-4-2015": 0.0, "4-4-2015": 363.0257263183594, "5-4-2015": 0.0, "6-4-2015": 0.0, "7-4-2015": 0.0, "8-4-2015": 0.0, "9-4-2015": 0.0, "10-4-2015": 0.0, "11-4-2015": 0.0, "12-4-2015": 0.0, "13-4-2015": 252.57650756835938, "14-4-2015": 0.0, "15-4-2015": 0.0, "16-4-2015": 364.6343994140625, "17-4-2015": 0.0, "18-4-2015": 207.99746704101562, "19-4-2015": 129.43182373046875, "20-4-2015": 0.0, "21-4-2015": 0.0, "22-4-2015": 65.56586456298828, "23-4-2015": 0.0, "24-4-2015": 428.09576416015625, "25-4-2015": 56.97753143310547, "26-4-2015": 0.0, "27-4-2015": 0.0, "28-4-2015": 0.0, "29-4-2015": 0.0, "30-4-2015": 210.35269165039062, "1-5-2015": 210.80496215820312, "2-5-2015": 592.3721313476562, "3-5-2015": 962.1931762695312, "4-5-2015": 962.1931762695312, "5-5-2015": 496.245849609375, "6-5-2015": 429.95172119140625, "7-5-2015": 962.1931762695312, "8-5-2015": 506.51214599609375, "9-5-2015": 429.5550537109375, "10-5-2015": 510.68084716796875, "11-5-2015": 429.5216064453125, "12-5-2015": 477.21112060546875, "13-5-2015": 461.4039001464844, "14-5-2015": 430.4539794921875, "15-5-2015": 962.1931762695312, "16-5-2015": 441.04864501953125, "17-5-2015": 436.42681884765625, "18-5-2015": 1676.26171875, "19-5-2015": 512.357177734375, "20-5-2015": 962.1624145507812, "21-5-2015": 361.82684326171875, "22-5-2015": 477.0890197753906, "23-5-2015": 1773.728759765625, "24-5-2015": 427.3387451171875, "25-5-2015": 439.60125732421875, "26-5-2015": 1639.3994140625, "27-5-2015": 521.07568359375, "28-5-2015": 457.3280944824219, "29-5-2015": 689.8827514648438, "30-5-2015": 1480.0738525390625, "31-5-2015": 545.7332763671875, "1-6-2015": 0.0, "2-6-2015": 1048.670654296875, "3-6-2015": 0.0, "4-6-2015": 1254.92822265625, "5-6-2015": 1210.014404296875, "6-6-2015": 0.0, "7-6-2015": 0.0, "8-6-2015": 2612.863525390625, "9-6-2015": 2884.78564453125, "10-6-2015": 1720.454833984375, "11-6-2015": 2633.81787109375, "12-6-2015": 1958.859619140625, "13-6-2015": 0.0, "14-6-2015": 2825.3896484375, "15-6-2015": 4408.34521484375, "16-6-2015": 3157.10400390625, "17-6-2015": 5048.17041015625, "18-6-2015": 5227.69677734375, "19-6-2015": 5541.84912109375, "20-6-2015": 8324.2548828125, "21-6-2015": 6481.50146484375, "22-6-2015": 9380.6748046875, "23-6-2015": 17021.451171875, "24-6-2015": 19546.083984375, "25-6-2015": 17868.177734375, "26-6-2015": 20292.953125, "27-6-2015": 20292.427734375, "28-6-2015": 31445.490234375, "29-6-2015": 27378.56640625, "30-6-2015": 17820.19140625, "1-7-2015": 8056.095703125, "2-7-2015": 7067.896484375, "3-7-2015": 6573.3984375, "4-7-2015": 7212.39599609375, "5-7-2015": 6906.20751953125, "6-7-2015": 6526.39208984375, "7-7-2015": 8146.55517578125, "8-7-2015": 6664.27294921875, "9-7-2015": 5710.13623046875, "10-7-2015": 3932.15380859375, "11-7-2015": 4855.21435546875, "12-7-2015": 5677.76123046875, "13-7-2015": 5660.43408203125, "14-7-2015": 5087.84912109375, "15-7-2015": 4988.98095703125, "16-7-2015": 8673.484375, "17-7-2015": 8846.0615234375, "18-7-2015": 9776.0205078125, "19-7-2015": 9982.6806640625, "20-7-2015": 11766.607421875, "21-7-2015": 13857.1591796875, "22-7-2015": 12635.9267578125, "23-7-2015": 12384.0361328125, "24-7-2015": 12507.7353515625, "25-7-2015": 13227.1357421875, "26-7-2015": 12333.2705078125, "27-7-2015": 10534.4228515625, "28-7-2015": 7149.14794921875, "29-7-2015": 7117.58544921875, "30-7-2015": 7328.5927734375, "31-7-2015": 4939.79833984375, "1-8-2015": 8600.595703125, "2-8-2015": 9947.4931640625, "3-8-2015": 10664.63671875, "4-8-2015": 10919.82421875, "5-8-2015": 13587.912109375, "6-8-2015": 17963.822265625, "7-8-2015": 22648.822265625, "8-8-2015": 21449.43359375, "9-8-2015": 18162.60546875, "10-8-2015": 14514.5673828125, "11-8-2015": 6525.96142578125, "12-8-2015": 6116.982421875, "13-8-2015": 9765.044921875, "14-8-2015": 12395.2958984375, "15-8-2015": 12148.0341796875, "16-8-2015": 12710.0185546875, "17-8-2015": 11829.4716796875, "18-8-2015": 8135.77685546875, "19-8-2015": 8914.9541015625, "20-8-2015": 5923.69384765625, "21-8-2015": 6900.62890625, "22-8-2015": 6441.0302734375, "23-8-2015": 6704.8671875, "24-8-2015": 7271.10693359375, "25-8-2015": 7317.232421875, "26-8-2015": 7141.0654296875, "27-8-2015": 6905.216796875, "28-8-2015": 7434.47607421875, "29-8-2015": 7156.28466796875, "30-8-2015": 5294.96484375, "31-8-2015": 5831.82373046875, "1-9-2015": 2462.99755859375, "2-9-2015": 3799.06640625, "3-9-2015": 5776.28271484375, "4-9-2015": 4154.447265625, "5-9-2015": 4006.3427734375, "6-9-2015": 2063.85498046875, "7-9-2015": 4519.46728515625, "8-9-2015": 4496.67626953125, "9-9-2015": 5615.4111328125, "10-9-2015": 7403.40673828125, "11-9-2015": 4225.35791015625, "12-9-2015": 4504.69384765625, "13-9-2015": 3951.3388671875, "14-9-2015": 3754.95068359375, "15-9-2015": 3328.21826171875, "16-9-2015": 3537.427734375, "17-9-2015": 1805.61474609375, "18-9-2015": 2356.01904296875, "19-9-2015": 4311.07861328125, "20-9-2015": 4639.30029296875, "21-9-2015": 5984.5888671875, "22-9-2015": 9478.1318359375, "23-9-2015": 4852.001953125, "24-9-2015": 5439.79296875, "25-9-2015": 3961.921630859375, "26-9-2015": 6262.01171875, "27-9-2015": 6535.0498046875, "28-9-2015": 7468.43359375, "29-9-2015": 6808.37548828125, "30-9-2015": 5442.240234375, "1-10-2015": 5750.28271484375, "2-10-2015": 5947.3857421875, "3-10-2015": 5258.54443359375, "4-10-2015": 4191.21875, "5-10-2015": 4931.22607421875, "6-10-2015": 4548.01416015625, "7-10-2015": 4339.33642578125, "8-10-2015": 4122.90673828125, "9-10-2015": 4651.35498046875, "10-10-2015": 5130.85498046875, "11-10-2015": 4902.37744140625,