{"1-1-2016": 844.4848022460938, "2-1-2016": 962.1931762695312, "3-1-2016": 962.1931762695312, "4-1-2016": 962.1931762695312, "5-1-2016": 962.1931762695312, "6-1-2016": 962.1931762695312, "7-1-2016": 636.9613647460938, "8-1-2016": 962.1931762695312, "9-1-2016": 962.1931762695312, "10-1-2016": 767.7659301757812, "11-1-2016": 962.1931762695312, "12-1-2016": 593.8065795898438, "13-1-2016": 592.9155883789062, "14-1-2016": 962.1931762695312, "15-1-2016": 962.1931762695312, "16-1-2016": 604.3527221679688, "17-1-2016": 508.5592346191406, "18-1-2016": 962.1931762695312, "19-1-2016": 631.1309204101562, "20-1-2016": 616.5034790039062, "21-1-2016": 962.1931762695312, "22-1-2016": 962.1931762695312, "23-1-2016": 697.9076538085938, "24-1-2016": 962.1931762695312, "25-1-2016": 962.1931762695312, "26-1-2016": 665.7075805664062, "27-1-2016": 574.5790405273438, "28-1-2016": 576.5438842773438, "29-1-2016": 574.4647827148438, "30-1-2016": 581.3004760742188, "31-1-2016": 380.27471923828125, "1-2-2016": 224.2078094482422, "2-2-2016": 424.443115234375, "3-2-2016": 399.25445556640625, "4-2-2016": 400.05963134765625, "5-2-2016": 445.93890380859375, "6-2-2016": 426.18096923828125, "7-2-2016": 482.07952880859375, "8-2-2016": 631.4273071289062, "9-2-2016": 430.91802978515625, "10-2-2016": 412.73828125, "11-2-2016": 459.4185791015625, "12-2-2016": 392.99066162109375, "13-2-2016": 396.8155517578125, "14-2-2016": 360.53387451171875, "15-2-2016": 416.75701904296875, "16-2-2016": 475.79443359375, "17-2-2016": 367.65423583984375, "18-2-2016": 415.82659912109375, "19-2-2016": 311.66448974609375, "20-2-2016": 543.6010131835938, "21-2-2016": 509.04217529296875, "22-2-2016": 414.05157470703125, "23-2-2016": 407.35675048828125, "24-2-2016": 0.0, "25-2-2016": 379.5992431640625, "26-2-2016": 363.02325439453125, "27-2-2016": 0.0, "28-2-2016": 0.0, "29-2-2016": 404.11187744140625, "1-3-2016": 0.0, "2-3-2016": 0.0, "3-3-2016": 0.0, "4-3-2016": 0.0, "5-3-2016": 0.0, "6-3-2016": 0.0, "7-3-2016": 0.0, "8-3-2016": 0.0, "9-3-2016": 0.0, "10-3-2016": 0.0, "11-3-2016": 0.0, "12-3-2016": 0.0, "13-3-2016": 0.0, "14-3-2016": 0.0, "15-3-2016": 0.0, "16-3-2016": 0.0, "17-3-2016": 0.0, "18-3-2016": 0.0, "19-3-2016": 0.0, "20-3-2016": 0.0, "21-3-2016": 0.0, "22-3-2016": 0.0, "23-3-2016": 0.0, "24-3-2016": 0.0, "25-3-2016": 0.0, "26-3-2016": 0.0, "27-3-2016": 0.0, "28-3-2016": 0.0, "29-3-2016": 0.0, "30-3-2016": 0.0, "31-3-2016": 0.0, "1-4-2016": 0.0, "2-4-2016": 0.0, "3-4-2016": 0.0, "4-4-2016": 962.1931762695312, "5-4-2016": 0.0, "6-4-2016": 0.0, "7-4-2016": 0.0, "8-4-2016": 0.0, "9-4-2016": 0.0, "10-4-2016": 0.0, "11-4-2016": 0.0, "12-4-2016": 0.0, "13-4-2016": 0.0, "14-4-2016": 0.0, "15-4-2016": 0.0, "16-4-2016": 0.0, "17-4-2016": 0.0, "18-4-2016": 0.0, "19-4-2016": 205.30062866210938, "20-4-2016": 0.0, "21-4-2016": 0.0, "22-4-2016": 482.81109619140625, "23-4-2016": 0.0, "24-4-2016": 525.6454467773438, "25-4-2016": 0.0, "26-4-2016": 0.0, "27-4-2016": 0.0, "28-4-2016": 0.0, "29-4-2016": 0.0, "30-4-2016": 259.2227783203125, "1-5-2016": 165.9522705078125, "2-5-2016": 962.1931762695312, "3-5-2016": 0.0, "4-5-2016": 962.1931762695312, "5-5-2016": 541.0582885742188, "6-5-2016": 568.3021850585938, "7-5-2016": 535.6588134765625, "8-5-2016": 512.8004760742188, "9-5-2016": 480.59710693359375, "10-5-2016": 491.1841125488281, "11-5-2016": 528.11767578125, "12-5-2016": 0.0, "13-5-2016": 504.0274658203125, "14-5-2016": 442.0518798828125, "15-5-2016": 505.69744873046875, "16-5-2016": 129.3492431640625, "17-5-2016": 677.5507202148438, "18-5-2016": 150.02056884765625, "19-5-2016": 705.5263061523438, "20-5-2016": 508.0904235839844, "21-5-2016": 519.5914916992188, "22-5-2016": 962.1931762695312, "23-5-2016": 159.60720825195312, "24-5-2016": 437.8133544921875, "25-5-2016": 522.2097778320312, "26-5-2016": 891.3921508789062, "27-5-2016": 719.7391357421875, "28-5-2016": 982.2526245117188, "29-5-2016": 757.099853515625, "30-5-2016": 1538.6495361328125, "31-5-2016": 746.5653686523438, "1-6-2016": 0.0, "2-6-2016": 1108.445068359375, "3-6-2016": 0.0, "4-6-2016": 302.93499755859375, "5-6-2016": 0.0, "6-6-2016": 0.0, "7-6-2016": 0.0, "8-6-2016": 0.0, "9-6-2016": 0.0, "10-6-2016": 752.7186889648438, "11-6-2016": 2147.90625, "12-6-2016": 3206.461669921875, "13-6-2016": 5687.2470703125, "14-6-2016": 6370.52783203125, "15-6-2016": 5041.693359375, "16-6-2016": 7704.6650390625, "17-6-2016": 4580.18310546875, "18-6-2016": 2983.010498046875, "19-6-2016": 205.55511474609375, "20-6-2016": 379.69549560546875, "21-6-2016": 2465.30810546875, "22-6-2016": 4100.64892578125, "23-6-2016": 4613.88037109375, "24-6-2016": 3636.24951171875, "25-6-2016": 3083.00927734375, "26-6-2016": 2692.9140625, "27-6-2016": 1634.265869140625, "28-6-2016": 1917.49658203125, "29-6-2016": 3798.215576171875, "30-6-2016": 8914.2666015625, "1-7-2016": 8015.5068359375, "2-7-2016": 7038.72021484375, "3-7-2016": 6596.4384765625, "4-7-2016": 7270.21484375, "5-7-2016": 6793.19287109375, "6-7-2016": 6269.93603515625, "7-7-2016": 8271.5185546875, "8-7-2016": 6326.46142578125, "9-7-2016": 5641.88427734375, "10-7-2016": 3759.86962890625, "11-7-2016": 4674.11767578125, "12-7-2016": 5673.63427734375, "13-7-2016": 5353.90478515625, "14-7-2016": 4861.98095703125, "15-7-2016": 4837.37939453125, "16-7-2016": 8422.1044921875, "17-7-2016": 8779.3857421875, "18-7-2016": 9771.6884765625, "19-7-2016": 9968.8056640625, "20-7-2016": 11767.2353515625, "21-7-2016": 14008.9501953125, "22-7-2016": 12573.7373046875, "23-7-2016": 12138.0888671875, "24-7-2016": 12392.9541015625, "25-7-2016": 12979.1455078125, "26-7-2016": 12312.3466796875, "27-7-2016": 10498.9775390625, "28-7-2016": 7019.21630859375, "29-7-2016": 7061.12744140625, "30-7-2016": 7279.779296875, "31-7-2016": 5065.98828125, "1-8-2016": 10461.1748046875, "2-8-2016": 11351.9443359375, "3-8-2016": 10981.0322265625, "4-8-2016": 11438.7412109375, "5-8-2016": 11855.9404296875, "6-8-2016": 15184.3544921875, "7-8-2016": 20367.978515625, "8-8-2016": 17071.35546875, "9-8-2016": 18390.798828125, "10-8-2016": 17929.619140625, "11-8-2016": 15854.423828125, "12-8-2016": 13527.31640625, "13-8-2016": 14752.0048828125, "14-8-2016": 11720.8720703125, "15-8-2016": 11289.484375, "16-8-2016": 7856.56298828125, "17-8-2016": 6530.77978515625, "18-8-2016": 6277.7607421875, "19-8-2016": 5837.32373046875, "20-8-2016": 6925.79736328125, "21-8-2016": 5101.41357421875, "22-8-2016": 6354.18310546875, "23-8-2016": 6007.76220703125, "24-8-2016": 7767.35986328125, "25-8-2016": 6906.32275390625, "26-8-2016": 6796.66064453125, "27-8-2016": 3079.386962890625, "28-8-2016": 5422.0380859375, "29-8-2016": 5419.16162109375, "30-8-2016": 8024.35791015625, "31-8-2016": 7907.63720703125, "1-9-2016": 1686.837890625, "2-9-2016": 3173.133056640625, "3-9-2016": 5488.01904296875, "4-9-2016": 3579.69775390625, "5-9-2016": 3720.4990234375, "6-9-2016": 1995.55615234375, "7-9-2016": 4052.6787109375, "8-9-2016": 4176.22412109375, "9-9-2016": 5332.93212890625, "10-9-2016": 6807.01904296875, "11-9-2016": 3916.70166015625, "12-9-2016": 4251.8818359375, "13-9-2016": 3675.697265625, "14-9-2016": 3377.66162109375, "15-9-2016": 3082.65087890625, "16-9-2016": 3279.373291015625, "17-9-2016": 1421.58544921875, "18-9-2016": 1964.88720703125, "19-9-2016": 4015.18896484375, "20-9-2016": 4324.85107421875, "21-9-2016": 5764.6083984375, "22-9-2016": 10181.1630859375, "23-9-2016": 4731.37744140625, "24-9-2016": 5386.43505859375, "25-9-2016": 3489.416015625, "26-9-2016": 5766.98828125, "27-9-2016": 5949.66748046875, "28-9-2016": 7047.79638671875, "29-9-2016": 6371.27294921875, "30-9-2016": 4938.8037109375, "1-10-2016": 4461.21923828125, "2-10-2016": 4229.14794921875, "3-10-2016": 3512.6064453125, "4-10-2016": 2312.5009765625, "5-10-2016": 3695.73193359375, "6-10-2016": 3397.52880859375, "7-10-2016": 2930.61376953125, "8-10-2016": 3615.27978515625, "9-10-2016": 3149.52001953125, "10-10-2016": 3046.35693359375, "11-10-2016": 4051.8486328125, "12-10-2016": 2733.43359375, "13-10-2016": 3857.2978515625,