{"1-1-2018": 0.0, "2-1-2018": 0.0, "3-1-2018": 0.0, "4-1-2018": 0.0, "5-1-2018": 0.0, "6-1-2018": 0.0, "7-1-2018": 0.0, "8-1-2018": 0.0, "9-1-2018": 0.0, "10-1-2018": 0.0, "11-1-2018": 0.0, "12-1-2018": 0.0, "13-1-2018": 0.0, "14-1-2018": 0.0, "15-1-2018": 0.0, "16-1-2018": 0.0, "17-1-2018": 0.0, "18-1-2018": 0.0, "19-1-2018": 0.0, "20-1-2018": 0.0, "21-1-2018": 0.0, "22-1-2018": 0.0, "23-1-2018": 0.0, "24-1-2018": 0.0, "25-1-2018": 0.0, "26-1-2018": 0.0, "27-1-2018": 0.0, "28-1-2018": 0.0, "29-1-2018": 0.0, "30-1-2018": 0.0, "31-1-2018": 0.0, "1-2-2018": 0.0, "2-2-2018": 0.0, "3-2-2018": 0.0, "4-2-2018": 0.0, "5-2-2018": 0.0, "6-2-2018": 0.0, "7-2-2018": 0.0, "8-2-2018": 0.0, "9-2-2018": 0.0, "10-2-2018": 0.0, "11-2-2018": 0.0, "12-2-2018": 0.0, "13-2-2018": 0.0, "14-2-2018": 0.0, "15-2-2018": 0.0, "16-2-2018": 0.0, "17-2-2018": 0.0, "18-2-2018": 0.0, "19-2-2018": 0.0, "20-2-2018": 0.0, "21-2-2018": 0.0, "22-2-2018": 0.0, "23-2-2018": 0.0, "24-2-2018": 0.0, "25-2-2018": 0.0, "26-2-2018": 809.7476806640625, "27-2-2018": 4053.15869140625, "28-2-2018": 3084.61669921875, "1-3-2018": 0.0, "2-3-2018": 0.0, "3-3-2018": 0.0, "4-3-2018": 0.0, "5-3-2018": 0.0, "6-3-2018": 0.0, "7-3-2018": 0.0, "8-3-2018": 0.0, "9-3-2018": 0.0, "10-3-2018": 0.0, "11-3-2018": 0.0, "12-3-2018": 0.0, "13-3-2018": 0.0, "14-3-2018": 0.0, "15-3-2018": 0.0, "16-3-2018": 0.0, "17-3-2018": 0.0, "18-3-2018": 0.0, "19-3-2018": 0.0, "20-3-2018": 0.0, "21-3-2018": 0.0, "22-3-2018": 0.0, "23-3-2018": 0.0, "24-3-2018": 0.0, "25-3-2018": 0.0, "26-3-2018": 0.0, "27-3-2018": 0.0, "28-3-2018": 0.0, "29-3-2018": 0.0, "30-3-2018": 0.0, "31-3-2018": 0.0, "1-4-2018": 0.0, "2-4-2018": 0.0, "3-4-2018": 0.0, "4-4-2018": 0.0, "5-4-2018": 0.0, "6-4-2018": 0.0, "7-4-2018": 0.0, "8-4-2018": 0.0, "9-4-2018": 0.0, "10-4-2018": 0.0, "11-4-2018": 0.0, "12-4-2018": 0.0, "13-4-2018": 0.0, "14-4-2018": 0.0, "15-4-2018": 0.0, "16-4-2018": 0.0, "17-4-2018": 0.0, "18-4-2018": 0.0, "19-4-2018": 0.0, "20-4-2018": 0.0, "21-4-2018": 0.0, "22-4-2018": 0.0, "23-4-2018": 0.0, "24-4-2018": 0.0, "25-4-2018": 0.0, "26-4-2018": 0.0, "27-4-2018": 0.0, "28-4-2018": 0.0, "29-4-2018": 0.0, "30-4-2018": 0.0, "1-5-2018": 0.0, "2-5-2018": 0.0, "3-5-2018": 0.0, "4-5-2018": 0.0, "5-5-2018": 0.0, "6-5-2018": 0.0, "7-5-2018": 0.0, "8-5-2018": 0.0, "9-5-2018": 0.0, "10-5-2018": 0.0, "11-5-2018": 0.0, "12-5-2018": 0.0, "13-5-2018": 0.0, "14-5-2018": 0.0, "15-5-2018": 0.0, "16-5-2018": 0.0, "17-5-2018": 0.0, "18-5-2018": 0.0, "19-5-2018": 0.0, "20-5-2018": 0.0, "21-5-2018": 0.0, "22-5-2018": 0.0, "23-5-2018": 0.0, "24-5-2018": 0.0, "25-5-2018": 0.0, "26-5-2018": 0.0, "27-5-2018": 0.0, "28-5-2018": 0.0, "29-5-2018": 0.0, "30-5-2018": 0.0, "31-5-2018": 0.0, "1-6-2018": 1056.538330078125, "2-6-2018": 1847.882568359375, "3-6-2018": 1614.740478515625, "4-6-2018": 1532.1898193359375, "5-6-2018": 1404.526611328125, "6-6-2018": 1231.4298095703125, "7-6-2018": 1652.97314453125, "8-6-2018": 1530.0223388671875, "9-6-2018": 1889.4208984375, "10-6-2018": 1627.293212890625, "11-6-2018": 3995.938232421875, "12-6-2018": 10544.9501953125, "13-6-2018": 11716.7978515625, "14-6-2018": 14749.681640625, "15-6-2018": 14057.7275390625, "16-6-2018": 14965.2958984375, "17-6-2018": 13281.20703125, "18-6-2018": 4284.5673828125, "19-6-2018": 4234.00048828125, "20-6-2018": 4168.19482421875, "21-6-2018": 4187.14990234375, "22-6-2018": 4454.92822265625, "23-6-2018": 4071.556640625, "24-6-2018": 3288.201171875, "25-6-2018": 3282.29443359375, "26-6-2018": 2981.431640625, "27-6-2018": 2365.856201171875, "28-6-2018": 2708.166259765625, "29-6-2018": 5965.63427734375, "30-6-2018": 10964.7978515625, "1-7-2018": 12686.3271484375, "2-7-2018": 7739.916015625, "3-7-2018": 5347.35986328125, "4-7-2018": 4197.15087890625, "5-7-2018": 6329.1943359375, "6-7-2018": 3066.138427734375, "7-7-2018": 2209.6552734375, "8-7-2018": 2881.74365234375, "9-7-2018": 22677.087890625, "10-7-2018": 32393.658203125, "11-7-2018": 37337.421875, "12-7-2018": 38446.5546875, "13-7-2018": 40407.7109375, "14-7-2018": 42292.984375, "15-7-2018": 44834.8125, "16-7-2018": 25269.43359375, "17-7-2018": 21573.208984375, "18-7-2018": 24800.228515625, "19-7-2018": 24213.041015625, "20-7-2018": 31463.267578125, "21-7-2018": 43614.3203125, "22-7-2018": 32653.7890625, "23-7-2018": 47635.2421875, "24-7-2018": 48883.43359375, "25-7-2018": 41685.5234375, "26-7-2018": 42787.921875, "27-7-2018": 47361.8203125, "28-7-2018": 35381.0546875, "29-7-2018": 23331.349609375, "30-7-2018": 17706.7734375, "31-7-2018": 9952.4970703125, "1-8-2018": 7866.0546875, "2-8-2018": 7942.90087890625, "3-8-2018": 8607.5263671875, "4-8-2018": 8027.71337890625, "5-8-2018": 6936.99365234375, "6-8-2018": 7145.13818359375, "7-8-2018": 6885.77001953125, "8-8-2018": 4557.06787109375, "9-8-2018": 11942.642578125, "10-8-2018": 14232.265625, "11-8-2018": 39858.2265625, "12-8-2018": 30461.4296875, "13-8-2018": 26697.287109375, "14-8-2018": 2554.7529296875, "15-8-2018": 5768.27001953125, "16-8-2018": 6168.50048828125, "17-8-2018": 5377.87646484375, "18-8-2018": 3881.84130859375, "19-8-2018": 1327.879150390625, "20-8-2018": 2363.783203125, "21-8-2018": 3651.58984375, "22-8-2018": 28666.70703125, "23-8-2018": 26175.4140625, "24-8-2018": 24861.798828125, "25-8-2018": 21320.201171875, "26-8-2018": 20773.697265625, "27-8-2018": 10913.9306640625, "28-8-2018": 10362.982421875, "29-8-2018": 11146.1123046875, "30-8-2018": 11022.71484375, "31-8-2018": 11322.6748046875, "1-9-2018": 15978.3896484375, "2-9-2018": 11609.2119140625, "3-9-2018": 11957.3955078125, "4-9-2018": 11397.95703125, "5-9-2018": 13105.0205078125, "6-9-2018": 6418.35205078125, "7-9-2018": 7608.015625, "8-9-2018": 5473.40771484375, "9-9-2018": 8581.66015625, "10-9-2018": 9485.783203125, "11-9-2018": 7367.40185546875, "12-9-2018": 4432.91162109375, "13-9-2018": 4949.02392578125, "14-9-2018": 3971.134765625, "15-9-2018": 2468.85791015625, "16-9-2018": 2516.7578125, "17-9-2018": 2235.089599609375, "18-9-2018": 1792.46533203125, "19-9-2018": 2955.2373046875, "20-9-2018": 7378.47021484375, "21-9-2018": 8507.173828125, "22-9-2018": 4750.30078125, "23-9-2018": 3542.612060546875, "24-9-2018": 2570.000244140625, "25-9-2018": 5252.85107421875, "26-9-2018": 9946.177734375, "27-9-2018": 12162.0029296875, "28-9-2018": 14861.3232421875, "29-9-2018": 13467.595703125, "30-9-2018": 9939.8115234375, "1-10-2018": 7405.09619140625, "2-10-2018": 6752.94873046875, "3-10-2018": 6853.21630859375, "4-10-2018": 6454.1025390625, "5-10-2018": 6253.25341796875, "6-10-2018": 5584.92724609375, "7-10-2018": 6144.52587890625, "8-10-2018": 5217.14208984375, "9-10-2018": 4643.75830078125, "10-10-2018": 4713.94189453125, "11-10-2018": 6397.49072265625, "12-10-2018": 5072.73193359375, "13-10-2018": 4852.068359375, "14-10-2018": 4296.12158203125, "15-10-2018": 4538.08642578125, "16-10-2018": 4912.50341796875, "17-10-2018": 3769.176025390625, "18-10-2018": 3766.927734375, "19-10-2018": 7000.71484375, "20-10-2018": 4496.52978515625, "21-10-2018": 5099.8701171875, "22-10-2018": 3054.30126953125, "23-10-2018": 3261.608154296875, "24-10-2018": 3195.01416015625, "25-10-2018": 3247.811279296875, "26-10-2018": 3407.94091796875, "27-10-2018": 3361.22705078125, "28-10-2018": 3153.54052734375, "29-10-2018": 2124.69482421875, "30-10-2018": 1707.88330078125, "31-10-2018": 1796.7491455078125, "1-11-2018": 3508.066650390625, "2-11-2018": 4763.33740234375, "3-11-2018": 5325.03857421875, "4-11-2018": 5084.69970703125, "5-11-2018": 4364.8720703125, "6-11-2018": 3893.453857421875, "7-11-2018": 2612.21435546875, "8-11-2018": 1893.3521728515625, "9-11-2018": 1925.75390625, "10-11-2018": 2081.37548828125, "11-11-2018": 2177.46923828125, "12-11-2018": 2185.895263671875, "13-11-2018": 2232.046875, "14-11-2018": 1718.1351318359375, "15-11-2018": 2225.154296875, "16-11-2018": 2097.253173828125, "17-11-2018": 1965.3763427734375, "18-11-2018": 1510.6693115234375, "19-11-2018": 1571.5447998046875, "20-11-2018": 1632.02880859375, "21-11-2018": 1606.3421630859375,