{"1-1-2021": 861.2410278320312, "2-1-2021": 962.1931762695312, "3-1-2021": 962.1931762695312, "4-1-2021": 962.1931762695312, "5-1-2021": 962.1931762695312, "6-1-2021": 962.1931762695312, "7-1-2021": 617.0881958007812, "8-1-2021": 962.1931762695312, "9-1-2021": 962.1931762695312, "10-1-2021": 678.2223510742188, "11-1-2021": 962.1931762695312, "12-1-2021": 574.69970703125, "13-1-2021": 574.9205932617188, "14-1-2021": 962.1931762695312, "15-1-2021": 962.1931762695312, "16-1-2021": 579.5065307617188, "17-1-2021": 594.50634765625, "18-1-2021": 874.1188354492188, "19-1-2021": 625.4635620117188, "20-1-2021": 595.60986328125, "21-1-2021": 962.1931762695312, "22-1-2021": 962.1931762695312, "23-1-2021": 625.0711059570312, "24-1-2021": 962.1931762695312, "25-1-2021": 962.1931762695312, "26-1-2021": 619.9627075195312, "27-1-2021": 577.9598388671875, "28-1-2021": 584.2525024414062, "29-1-2021": 581.0181274414062, "30-1-2021": 575.2346801757812, "31-1-2021": 405.39398193359375, "1-2-2021": 0.0, "2-2-2021": 0.0, "3-2-2021": 0.0, "4-2-2021": 0.0, "5-2-2021": 0.0, "6-2-2021": 0.0, "7-2-2021": 0.0, "8-2-2021": 0.0, "9-2-2021": 0.0, "10-2-2021": 0.0, "11-2-2021": 455.93060302734375, "12-2-2021": 574.5242919921875, "13-2-2021": 0.0, "14-2-2021": 0.0, "15-2-2021": 0.0, "16-2-2021": 534.81787109375, "17-2-2021": 962.1931762695312, "18-2-2021": 0.0, "19-2-2021": 962.1931762695312, "20-2-2021": 416.32354736328125, "21-2-2021": 408.4867858886719, "22-2-2021": 362.70166015625, "23-2-2021": 0.0, "24-2-2021": 0.0, "25-2-2021": 849.1380004882812, "26-2-2021": 962.028564453125, "27-2-2021": 962.1931762695312, "28-2-2021": 962.1931762695312, "1-3-2021": 0.0, "2-3-2021": 0.0, "3-3-2021": 0.0, "4-3-2021": 0.0, "5-3-2021": 0.0, "6-3-2021": 0.0, "7-3-2021": 0.0, "8-3-2021": 0.0, "9-3-2021": 0.0, "10-3-2021": 0.0, "11-3-2021": 0.0, "12-3-2021": 0.0, "13-3-2021": 0.0, "14-3-2021": 0.0, "15-3-2021": 0.0, "16-3-2021": 0.0, "17-3-2021": 0.0, "18-3-2021": 0.0, "19-3-2021": 0.0, "20-3-2021": 0.0, "21-3-2021": 0.0, "22-3-2021": 0.0, "23-3-2021": 0.0, "24-3-2021": 0.0, "25-3-2021": 0.0, "26-3-2021": 0.0, "27-3-2021": 0.0, "28-3-2021": 0.0, "29-3-2021": 0.0, "30-3-2021": 0.0, "31-3-2021": 0.0, "1-4-2021": 0.0, "2-4-2021": 0.0, "3-4-2021": 0.0, "4-4-2021": 962.19287109375, "5-4-2021": 0.0, "6-4-2021": 0.0, "7-4-2021": 0.0, "8-4-2021": 0.0, "9-4-2021": 0.0, "10-4-2021": 0.0, "11-4-2021": 0.0, "12-4-2021": 0.0, "13-4-2021": 0.0, "14-4-2021": 0.0, "15-4-2021": 0.0, "16-4-2021": 0.0, "17-4-2021": 0.0, "18-4-2021": 0.0, "19-4-2021": 547.4970092773438, "20-4-2021": 0.0, "21-4-2021": 0.0, "22-4-2021": 0.0, "23-4-2021": 81.30532836914062, "24-4-2021": 952.0709838867188, "25-4-2021": 0.0, "26-4-2021": 0.0, "27-4-2021": 0.0, "28-4-2021": 0.0, "29-4-2021": 0.0, "30-4-2021": 0.0, "1-5-2021": 962.1931762695312, "2-5-2021": 962.1931762695312, "3-5-2021": 960.9950561523438, "4-5-2021": 962.1931762695312, "5-5-2021": 962.1931762695312, "6-5-2021": 432.81005859375, "7-5-2021": 450.1180725097656, "8-5-2021": 962.1931762695312, "9-5-2021": 962.1931762695312, "10-5-2021": 0.0, "11-5-2021": 962.1931762695312, "12-5-2021": 0.0, "13-5-2021": 43.20390701293945, "14-5-2021": 803.7445678710938, "15-5-2021": 962.1931762695312, "16-5-2021": 482.0552978515625, "17-5-2021": 442.0384216308594, "18-5-2021": 962.1931762695312, "19-5-2021": 433.9929504394531, "20-5-2021": 440.8317565917969, "21-5-2021": 464.5423583984375, "22-5-2021": 962.1931762695312, "23-5-2021": 501.9281921386719, "24-5-2021": 962.1931762695312, "25-5-2021": 962.1931762695312, "26-5-2021": 721.4951171875, "27-5-2021": 540.5249633789062, "28-5-2021": 731.4253540039062, "29-5-2021": 962.1931762695312, "30-5-2021": 956.3621215820312, "31-5-2021": 434.9070739746094, "1-6-2021": 0.0, "2-6-2021": 1248.14208984375, "3-6-2021": 1799.9906005859375, "4-6-2021": 1037.68212890625, "5-6-2021": 899.2733764648438, "6-6-2021": 0.0, "7-6-2021": 842.6007690429688, "8-6-2021": 1906.5009765625, "9-6-2021": 0.0, "10-6-2021": 355.50238037109375, "11-6-2021": 1845.2431640625, "12-6-2021": 3081.586181640625, "13-6-2021": 5874.88818359375, "14-6-2021": 6142.27197265625, "15-6-2021": 6560.5927734375, "16-6-2021": 7038.06982421875, "17-6-2021": 5240.73779296875, "18-6-2021": 5752.23583984375, "19-6-2021": 5909.982421875, "20-6-2021": 5907.26025390625, "21-6-2021": 6546.07373046875, "22-6-2021": 8155.98095703125, "23-6-2021": 6710.64208984375, "24-6-2021": 6282.28857421875, "25-6-2021": 4667.89990234375, "26-6-2021": 3461.635009765625, "27-6-2021": 3656.5302734375, "28-6-2021": 3808.971923828125, "29-6-2021": 6708.427734375, "30-6-2021": 5588.93212890625, "1-7-2021": 6906.78076171875, "2-7-2021": 6819.17333984375, "3-7-2021": 4799.74951171875, "4-7-2021": 5631.65673828125, "5-7-2021": 7157.4423828125, "6-7-2021": 6434.86865234375, "7-7-2021": 4268.70361328125, "8-7-2021": 7671.21826171875, "9-7-2021": 5823.43310546875, "10-7-2021": 4550.0078125, "11-7-2021": 3940.46728515625, "12-7-2021": 2662.73193359375, "13-7-2021": 6268.25830078125, "14-7-2021": 3340.26513671875, "15-7-2021": 3023.60400390625, "16-7-2021": 8727.8994140625, "17-7-2021": 8988.490234375, "18-7-2021": 9336.2314453125, "19-7-2021": 9578.40234375, "20-7-2021": 12527.5712890625, "21-7-2021": 12067.677734375, "22-7-2021": 14658.2861328125, "23-7-2021": 16043.6318359375, "24-7-2021": 14373.0888671875, "25-7-2021": 14008.9375, "26-7-2021": 12562.4169921875, "27-7-2021": 10243.7607421875, "28-7-2021": 8230.0849609375, "29-7-2021": 6714.11669921875, "30-7-2021": 6334.59716796875, "31-7-2021": 3794.58056640625, "1-8-2021": 16274.837890625, "2-8-2021": 16965.89453125, "3-8-2021": 18689.6796875, "4-8-2021": 6250.87646484375, "5-8-2021": 25950.525390625, "6-8-2021": 33927.265625, "7-8-2021": 29717.78125, "8-8-2021": 39659.01953125, "9-8-2021": 33920.2578125, "10-8-2021": 3361.2314453125, "11-8-2021": 3885.17333984375, "12-8-2021": 380.73626708984375, "13-8-2021": 26525.00390625, "14-8-2021": 28670.857421875, "15-8-2021": 16163.2705078125, "16-8-2021": 26005.015625, "17-8-2021": 19585.146484375, "18-8-2021": 29920.865234375, "19-8-2021": 23529.91015625, "20-8-2021": 20954.822265625, "21-8-2021": 13297.34375, "22-8-2021": 12021.6875, "23-8-2021": 17305.28125, "24-8-2021": 21569.60546875, "25-8-2021": 10807.26171875, "26-8-2021": 9025.2822265625, "27-8-2021": 3787.03515625, "28-8-2021": 9446.80859375, "29-8-2021": 19848.36328125, "30-8-2021": 7205.13818359375, "31-8-2021": 13515.2001953125, "1-9-2021": 1573.09912109375, "2-9-2021": 6986.1943359375, "3-9-2021": 12333.66796875, "4-9-2021": 10530.408203125, "5-9-2021": 15781.603515625, "6-9-2021": 17855.271484375, "7-9-2021": 6427.71826171875, "8-9-2021": 6742.87158203125, "9-9-2021": 8026.7529296875, "10-9-2021": 5170.68212890625, "11-9-2021": 5588.51611328125, "12-9-2021": 6102.193359375, "13-9-2021": 7326.1044921875, "14-9-2021": 4531.85986328125, "15-9-2021": 4625.328125, "16-9-2021": 5457.75732421875, "17-9-2021": 3244.02685546875, "18-9-2021": 1411.98681640625, "19-9-2021": 5766.328125, "20-9-2021": 6872.99072265625, "21-9-2021": 6597.8203125, "22-9-2021": 11007.1806640625, "23-9-2021": 6063.28857421875, "24-9-2021": 3211.6796875, "25-9-2021": 1045.4912109375, "26-9-2021": 3398.0244140625, "27-9-2021": 3759.603515625, "28-9-2021": 6096.33837890625, "29-9-2021": 4848.01025390625, "30-9-2021": 191.31488037109375, "1-10-2021": 3686.41845703125, "2-10-2021": 6811.4921875, "3-10-2021": 6214.2763671875, "4-10-2021": 5395.58251953125, "5-10-2021": 6553.53564453125, "6-10-2021": 7502.7763671875, "7-10-2021": 5880.6982421875, "8-10-2021": 6098.49267578125, "9-10-2021": 5594.23876953125, "10-10-2021": 5379.81591796875, "11-10-2021": 8125.41455078125, "12-10-2021": 6031.89013671875, "13-10-2021": 7859.1962890625, "14-10-2021": 7788.51220703125, "15-10-2021": 9975.7412109375, "16-10-2021": 7950.91796875, "17-10-2021": 7139.96142578125, "18-10-2021": 5226.88037109375, "19-10-2021": 6451.837890625, "20-10-2021": 5562.900390625, "21-10-2021": 10108.7548828125, "22-10-2021": 3818.1572265625,