{"1-1-2016": 1222.3348388671875, "2-1-2016": 890.39794921875, "3-1-2016": 1002.0343627929688, "4-1-2016": 1045.177978515625, "5-1-2016": 733.5089721679688, "6-1-2016": 608.5215454101562, "7-1-2016": 658.0126342773438, "8-1-2016": 728.930908203125, "9-1-2016": 707.6696166992188, "10-1-2016": 790.8090209960938, "11-1-2016": 733.5321044921875, "12-1-2016": 902.8823852539062, "13-1-2016": 713.0120849609375, "14-1-2016": 644.2372436523438, "15-1-2016": 629.64892578125, "16-1-2016": 445.8448181152344, "17-1-2016": 438.9554138183594, "18-1-2016": 684.6958618164062, "19-1-2016": 547.8646850585938, "20-1-2016": 704.6122436523438, "21-1-2016": 632.4641723632812, "22-1-2016": 502.1609191894531, "23-1-2016": 570.9398803710938, "24-1-2016": 481.9992370605469, "25-1-2016": 586.5269165039062, "26-1-2016": 673.515869140625, "27-1-2016": 432.4086608886719, "28-1-2016": 346.0979919433594, "29-1-2016": 214.76058959960938, "30-1-2016": 0.0, "31-1-2016": 232.30734252929688, "1-2-2016": 0.0, "2-2-2016": 0.0, "3-2-2016": 0.0, "4-2-2016": 0.0, "5-2-2016": 0.0, "6-2-2016": 0.0, "7-2-2016": 0.0, "8-2-2016": 0.0, "9-2-2016": 0.0, "10-2-2016": 0.0, "11-2-2016": 0.0, "12-2-2016": 0.0, "13-2-2016": 0.0, "14-2-2016": 0.0, "15-2-2016": 0.0, "16-2-2016": 0.0, "17-2-2016": 0.0, "18-2-2016": 0.0, "19-2-2016": 0.0, "20-2-2016": 0.0, "21-2-2016": 0.0, "22-2-2016": 0.0, "23-2-2016": 0.0, "24-2-2016": 0.0, "25-2-2016": 0.0, "26-2-2016": 0.0, "27-2-2016": 0.0, "28-2-2016": 0.0, "29-2-2016": 0.0, "1-3-2016": 0.0, "2-3-2016": 0.0, "3-3-2016": 0.0, "4-3-2016": 0.0, "5-3-2016": 0.0, "6-3-2016": 0.0, "7-3-2016": 0.0, "8-3-2016": 0.0, "9-3-2016": 0.0, "10-3-2016": 0.0, "11-3-2016": 0.0, "12-3-2016": 0.0, "13-3-2016": 0.0, "14-3-2016": 0.0, "15-3-2016": 0.0, "16-3-2016": 0.0, "17-3-2016": 0.0, "18-3-2016": 0.0, "19-3-2016": 0.0, "20-3-2016": 0.0, "21-3-2016": 0.0, "22-3-2016": 0.0, "23-3-2016": 0.0, "24-3-2016": 0.0, "25-3-2016": 0.0, "26-3-2016": 0.0, "27-3-2016": 0.0, "28-3-2016": 0.0, "29-3-2016": 0.0, "30-3-2016": 0.0, "31-3-2016": 0.0, "1-4-2016": 0.0, "2-4-2016": 0.0, "3-4-2016": 0.0, "4-4-2016": 0.0, "5-4-2016": 0.0, "6-4-2016": 0.0, "7-4-2016": 0.0, "8-4-2016": 0.0, "9-4-2016": 0.0, "10-4-2016": 0.0, "11-4-2016": 0.0, "12-4-2016": 0.0, "13-4-2016": 0.0, "14-4-2016": 0.0, "15-4-2016": 0.0, "16-4-2016": 0.0, "17-4-2016": 0.0, "18-4-2016": 0.0, "19-4-2016": 0.0, "20-4-2016": 0.0, "21-4-2016": 0.0, "22-4-2016": 0.0, "23-4-2016": 0.0, "24-4-2016": 0.0, "25-4-2016": 0.0, "26-4-2016": 0.0, "27-4-2016": 0.0, "28-4-2016": 0.0, "29-4-2016": 0.0, "30-4-2016": 0.0, "1-5-2016": 0.0, "2-5-2016": 0.0, "3-5-2016": 0.0, "4-5-2016": 0.0, "5-5-2016": 0.0, "6-5-2016": 0.0, "7-5-2016": 0.0, "8-5-2016": 0.0, "9-5-2016": 0.0, "10-5-2016": 0.0, "11-5-2016": 0.0, "12-5-2016": 0.0, "13-5-2016": 0.0, "14-5-2016": 0.0, "15-5-2016": 0.0, "16-5-2016": 0.0, "17-5-2016": 0.0, "18-5-2016": 0.0, "19-5-2016": 0.0, "20-5-2016": 0.0, "21-5-2016": 0.0, "22-5-2016": 0.0, "23-5-2016": 0.0, "24-5-2016": 0.0, "25-5-2016": 0.0, "26-5-2016": 0.0, "27-5-2016": 0.0, "28-5-2016": 0.0, "29-5-2016": 0.0, "30-5-2016": 0.0, "31-5-2016": 0.0, "1-6-2016": 0.0, "2-6-2016": 0.0, "3-6-2016": 0.0, "4-6-2016": 0.0, "5-6-2016": 0.0, "6-6-2016": 0.0, "7-6-2016": 0.0, "8-6-2016": 0.0, "9-6-2016": 0.0, "10-6-2016": 0.0, "11-6-2016": 121.10311889648438, "12-6-2016": 1940.364013671875, "13-6-2016": 2116.103515625, "14-6-2016": 3370.875732421875, "15-6-2016": 3140.576416015625, "16-6-2016": 3657.07861328125, "17-6-2016": 2577.405517578125, "18-6-2016": 657.1074829101562, "19-6-2016": 662.3329467773438, "20-6-2016": 655.6892700195312, "21-6-2016": 773.66357421875, "22-6-2016": 550.54248046875, "23-6-2016": 610.0231323242188, "24-6-2016": 550.87646484375, "25-6-2016": 133.34140014648438, "26-6-2016": 0.0, "27-6-2016": 508.5381164550781, "28-6-2016": 294.6291198730469, "29-6-2016": 2107.31298828125, "30-6-2016": 16745.337890625, "1-7-2016": 19551.333984375, "2-7-2016": 16019.9697265625, "3-7-2016": 13143.0390625, "4-7-2016": 8498.0361328125, "5-7-2016": 5972.40771484375, "6-7-2016": 7485.78125, "7-7-2016": 6556.75732421875, "8-7-2016": 5959.29296875, "9-7-2016": 7853.4697265625, "10-7-2016": 7757.97998046875, "11-7-2016": 5347.75146484375, "12-7-2016": 9041.9423828125, "13-7-2016": 10658.1044921875, "14-7-2016": 10555.841796875, "15-7-2016": 9832.7978515625, "16-7-2016": 5800.17529296875, "17-7-2016": 5918.45361328125, "18-7-2016": 6097.330078125, "19-7-2016": 6298.9853515625, "20-7-2016": 8818.6591796875, "21-7-2016": 12028.46484375, "22-7-2016": 10817.8759765625, "23-7-2016": 9225.75390625, "24-7-2016": 8373.04296875, "25-7-2016": 7093.36572265625, "26-7-2016": 7217.54345703125, "27-7-2016": 6807.68994140625, "28-7-2016": 6810.47021484375, "29-7-2016": 6050.56982421875, "30-7-2016": 5513.18212890625, "31-7-2016": 4381.92333984375, "1-8-2016": 4120.94287109375, "2-8-2016": 4158.15478515625, "3-8-2016": 4427.21728515625, "4-8-2016": 4246.97607421875, "5-8-2016": 5309.0263671875, "6-8-2016": 6538.78759765625, "7-8-2016": 8954.2490234375, "8-8-2016": 6152.05908203125, "9-8-2016": 7635.29833984375, "10-8-2016": 9170.6162109375, "11-8-2016": 9534.4736328125, "12-8-2016": 8287.3134765625, "13-8-2016": 8302.9033203125, "14-8-2016": 8478.7646484375, "15-8-2016": 7469.56396484375, "16-8-2016": 7534.22998046875, "17-8-2016": 7673.4912109375, "18-8-2016": 10754.8701171875, "19-8-2016": 11682.078125, "20-8-2016": 10722.1533203125, "21-8-2016": 8768.7001953125, "22-8-2016": 6605.556640625, "23-8-2016": 5528.84033203125, "24-8-2016": 5023.95361328125, "25-8-2016": 4769.59814453125, "26-8-2016": 5168.572265625, "27-8-2016": 5697.2919921875, "28-8-2016": 6656.62109375, "29-8-2016": 6191.28466796875, "30-8-2016": 6761.23388671875, "31-8-2016": 8403.7197265625, "1-9-2016": 1524.1240234375, "2-9-2016": 2712.12548828125, "3-9-2016": 3002.23876953125, "4-9-2016": 2709.982421875, "5-9-2016": 2599.3505859375, "6-9-2016": 5395.27978515625, "7-9-2016": 5839.30224609375, "8-9-2016": 5312.67578125, "9-9-2016": 9150.896484375, "10-9-2016": 9994.6669921875, "11-9-2016": 7993.26904296875, "12-9-2016": 6855.94287109375, "13-9-2016": 7146.96630859375, "14-9-2016": 6701.43408203125, "15-9-2016": 5396.71630859375, "16-9-2016": 5442.14990234375, "17-9-2016": 4670.90380859375, "18-9-2016": 5063.9912109375, "19-9-2016": 6357.203125, "20-9-2016": 6844.17919921875, "21-9-2016": 7810.62353515625, "22-9-2016": 9183.2021484375, "23-9-2016": 7880.70654296875, "24-9-2016": 6262.50146484375, "25-9-2016": 5806.18408203125, "26-9-2016": 5848.33447265625, "27-9-2016": 7983.21826171875, "28-9-2016": 7971.9599609375, "29-9-2016": 6585.85888671875, "30-9-2016": 5312.42431640625, "1-10-2016": 2900.196533203125, "2-10-2016": 2512.091796875, "3-10-2016": 1811.352783203125, "4-10-2016": 497.1249084472656, "5-10-2016": 2844.17431640625, "6-10-2016": 4629.90185546875, "7-10-2016": 5233.35693359375, "8-10-2016": 3688.371337890625, "9-10-2016": 4001.8671875, "10-10-2016": 2646.2958984375, "11-10-2016": 1707.96875, "12-10-2016": 1809.8734130859375, "13-10-2016": 1128.6328125, "14-10-2016": 1126.514404296875, "15-10-2016": 701.953369140625, "16-10-2016": 1196.33544921875, "17-10-2016": 0.0, "18-10-2016": 829.4578247070312, "19-10-2016": 0.0, "20-10-2016": 493.9749450683594, "21-10-2016": 524.2771606445312, "22-10-2016": 266.3825378417969, "23-10-2016": 0.0, "24-10-2016": 0.0, "25-10-2016": 0.0, "26-10-2016": 0.0, "27-10-2016": 0.0, "28-10-2016": 0.0, "29-10-2016": 1045.3228759765625, "30-10-2016": 1347.188232421875, "31-10-2016": 2885.24658203125, "1-11-2016": 3508.066650390625, "2-11-2016": 4763.33740234375, "3-11-2016": 5325.03857421875, "4-11-2016": 5084.69970703125, "5-11-2016": 4364.8720703125, "6-11-2016": 3893.453857421875, "7-11-2016": 2612.21435546875, "8-11-2016": 1893.3521728515625, "9-11-2016": 1925.75390625, "10-11-2016": 2081.37548828125, "11-11-2016": 2177.46923828125, "12-11-2016": 2185.895263671875, "13-11-2016": 2232.046875, "14-11-2016": 1718.1351318359375, "15-11-2016": 2225.154296875,