{"1-1-2015": 1233.387939453125, "2-1-2015": 897.1867065429688, "3-1-2015": 978.2656860351562, "4-1-2015": 1021.448486328125, "5-1-2015": 721.7465209960938, "6-1-2015": 600.7738647460938, "7-1-2015": 648.0307006835938, "8-1-2015": 706.4749755859375, "9-1-2015": 700.5206909179688, "10-1-2015": 764.6658325195312, "11-1-2015": 717.1370849609375, "12-1-2015": 876.5353393554688, "13-1-2015": 700.0574340820312, "14-1-2015": 636.0380249023438, "15-1-2015": 617.9036254882812, "16-1-2015": 436.3713684082031, "17-1-2015": 427.5314025878906, "18-1-2015": 658.3416137695312, "19-1-2015": 538.80859375, "20-1-2015": 682.7887573242188, "21-1-2015": 621.1744995117188, "22-1-2015": 484.9275817871094, "23-1-2015": 554.6715087890625, "24-1-2015": 472.5427551269531, "25-1-2015": 593.7023315429688, "26-1-2015": 652.1845092773438, "27-1-2015": 444.8620300292969, "28-1-2015": 320.6726379394531, "29-1-2015": 203.74325561523438, "30-1-2015": 0.0, "31-1-2015": 214.55172729492188, "1-2-2015": 0.0, "2-2-2015": 0.0, "3-2-2015": 0.0, "4-2-2015": 0.0, "5-2-2015": 0.0, "6-2-2015": 0.0, "7-2-2015": 0.0, "8-2-2015": 0.0, "9-2-2015": 0.0, "10-2-2015": 0.0, "11-2-2015": 0.0, "12-2-2015": 0.0, "13-2-2015": 0.0, "14-2-2015": 0.0, "15-2-2015": 0.0, "16-2-2015": 0.0, "17-2-2015": 0.0, "18-2-2015": 0.0, "19-2-2015": 0.0, "20-2-2015": 0.0, "21-2-2015": 0.0, "22-2-2015": 0.0, "23-2-2015": 0.0, "24-2-2015": 0.0, "25-2-2015": 0.0, "26-2-2015": 0.0, "27-2-2015": 0.0, "28-2-2015": 0.0, "1-3-2015": 0.0, "2-3-2015": 0.0, "3-3-2015": 0.0, "4-3-2015": 0.0, "5-3-2015": 0.0, "6-3-2015": 0.0, "7-3-2015": 0.0, "8-3-2015": 0.0, "9-3-2015": 0.0, "10-3-2015": 0.0, "11-3-2015": 0.0, "12-3-2015": 0.0, "13-3-2015": 0.0, "14-3-2015": 0.0, "15-3-2015": 0.0, "16-3-2015": 0.0, "17-3-2015": 0.0, "18-3-2015": 0.0, "19-3-2015": 0.0, "20-3-2015": 0.0, "21-3-2015": 0.0, "22-3-2015": 0.0, "23-3-2015": 0.0, "24-3-2015": 0.0, "25-3-2015": 0.0, "26-3-2015": 0.0, "27-3-2015": 0.0, "28-3-2015": 0.0, "29-3-2015": 0.0, "30-3-2015": 0.0, "31-3-2015": 0.0, "1-4-2015": 0.0, "2-4-2015": 0.0, "3-4-2015": 0.0, "4-4-2015": 0.0, "5-4-2015": 0.0, "6-4-2015": 0.0, "7-4-2015": 0.0, "8-4-2015": 0.0, "9-4-2015": 0.0, "10-4-2015": 0.0, "11-4-2015": 0.0, "12-4-2015": 0.0, "13-4-2015": 0.0, "14-4-2015": 0.0, "15-4-2015": 0.0, "16-4-2015": 0.0, "17-4-2015": 0.0, "18-4-2015": 0.0, "19-4-2015": 0.0, "20-4-2015": 0.0, "21-4-2015": 0.0, "22-4-2015": 0.0, "23-4-2015": 0.0, "24-4-2015": 0.0, "25-4-2015": 0.0, "26-4-2015": 0.0, "27-4-2015": 0.0, "28-4-2015": 0.0, "29-4-2015": 0.0, "30-4-2015": 0.0, "1-5-2015": 0.0, "2-5-2015": 0.0, "3-5-2015": 0.0, "4-5-2015": 0.0, "5-5-2015": 0.0, "6-5-2015": 0.0, "7-5-2015": 0.0, "8-5-2015": 0.0, "9-5-2015": 0.0, "10-5-2015": 0.0, "11-5-2015": 0.0, "12-5-2015": 0.0, "13-5-2015": 0.0, "14-5-2015": 0.0, "15-5-2015": 0.0, "16-5-2015": 0.0, "17-5-2015": 0.0, "18-5-2015": 0.0, "19-5-2015": 0.0, "20-5-2015": 0.0, "21-5-2015": 0.0, "22-5-2015": 0.0, "23-5-2015": 0.0, "24-5-2015": 0.0, "25-5-2015": 0.0, "26-5-2015": 0.0, "27-5-2015": 0.0, "28-5-2015": 0.0, "29-5-2015": 0.0, "30-5-2015": 0.0, "31-5-2015": 0.0, "1-6-2015": 0.0, "2-6-2015": 0.0, "3-6-2015": 0.0, "4-6-2015": 0.0, "5-6-2015": 0.0, "6-6-2015": 0.0, "7-6-2015": 0.0, "8-6-2015": 0.0, "9-6-2015": 0.0, "10-6-2015": 0.0, "11-6-2015": 0.0, "12-6-2015": 0.0, "13-6-2015": 0.0, "14-6-2015": 0.0, "15-6-2015": 0.0, "16-6-2015": 0.0, "17-6-2015": 0.0, "18-6-2015": 0.0, "19-6-2015": 0.0, "20-6-2015": 0.0, "21-6-2015": 0.0, "22-6-2015": 13931.693359375, "23-6-2015": 26484.3671875, "24-6-2015": 29831.798828125, "25-6-2015": 28267.31640625, "26-6-2015": 28265.798828125, "27-6-2015": 27784.765625, "28-6-2015": 37284.5, "29-6-2015": 34469.47265625, "30-6-2015": 20398.189453125, "1-7-2015": 13859.4384765625, "2-7-2015": 10167.86328125, "3-7-2015": 7738.73974609375, "4-7-2015": 8369.7978515625, "5-7-2015": 5678.04931640625, "6-7-2015": 6964.56982421875, "7-7-2015": 6187.4716796875, "8-7-2015": 5761.01513671875, "9-7-2015": 7282.29541015625, "10-7-2015": 8705.3115234375, "11-7-2015": 6158.4248046875, "12-7-2015": 9844.2392578125, "13-7-2015": 10598.447265625, "14-7-2015": 10347.662109375, "15-7-2015": 9765.1826171875, "16-7-2015": 5397.96533203125, "17-7-2015": 5208.791015625, "18-7-2015": 5412.67529296875, "19-7-2015": 5697.26513671875, "20-7-2015": 8825.9921875, "21-7-2015": 12185.9384765625, "22-7-2015": 11122.3271484375, "23-7-2015": 9519.0126953125, "24-7-2015": 8762.4072265625, "25-7-2015": 6998.89013671875, "26-7-2015": 6988.56103515625, "27-7-2015": 6617.18603515625, "28-7-2015": 6586.37451171875, "29-7-2015": 5722.39794921875, "30-7-2015": 5200.1494140625, "31-7-2015": 4039.2548828125, "1-8-2015": 3593.97314453125, "2-8-2015": 1323.16259765625, "3-8-2015": 1337.0963134765625, "4-8-2015": 764.0486450195312, "5-8-2015": 679.437255859375, "6-8-2015": 400.6408996582031, "7-8-2015": 1115.532958984375, "8-8-2015": 3629.5751953125, "9-8-2015": 4994.72998046875, "10-8-2015": 6500.22705078125, "11-8-2015": 8933.9482421875, "12-8-2015": 7681.46435546875, "13-8-2015": 8581.2177734375, "14-8-2015": 9389.5087890625, "15-8-2015": 12211.2919921875, "16-8-2015": 11976.4228515625, "17-8-2015": 9683.75, "18-8-2015": 12409.1884765625, "19-8-2015": 14666.8427734375, "20-8-2015": 15500.67578125, "21-8-2015": 19227.326171875, "22-8-2015": 8879.826171875, "23-8-2015": 10180.2138671875, "24-8-2015": 9864.08203125, "25-8-2015": 8739.5615234375, "26-8-2015": 9144.7138671875, "27-8-2015": 8604.2900390625, "28-8-2015": 9510.3037109375, "29-8-2015": 7212.65625, "30-8-2015": 5754.224609375, "31-8-2015": 6686.47314453125, "1-9-2015": 2269.21484375, "2-9-2015": 4020.486083984375, "3-9-2015": 4244.07373046875, "4-9-2015": 3757.6953125, "5-9-2015": 2895.1201171875, "6-9-2015": 6037.841796875, "7-9-2015": 6367.46142578125, "8-9-2015": 5618.00146484375, "9-9-2015": 9126.6611328125, "10-9-2015": 10009.1669921875, "11-9-2015": 8000.86572265625, "12-9-2015": 6581.7060546875, "13-9-2015": 6927.6630859375, "14-9-2015": 6450.12646484375, "15-9-2015": 5242.23095703125, "16-9-2015": 5279.1982421875, "17-9-2015": 4507.68408203125, "18-9-2015": 4909.37353515625, "19-9-2015": 6247.47412109375, "20-9-2015": 6596.68115234375, "21-9-2015": 7498.90673828125, "22-9-2015": 8991.3232421875, "23-9-2015": 7737.072265625, "24-9-2015": 6026.73095703125, "25-9-2015": 6577.14794921875, "26-9-2015": 7168.06494140625, "27-9-2015": 10205.91796875, "28-9-2015": 10552.455078125, "29-9-2015": 9184.6298828125, "30-9-2015": 6351.18115234375, "1-10-2015": 11578.7041015625, "2-10-2015": 10011.7080078125, "3-10-2015": 6830.70947265625, "4-10-2015": 4554.60009765625, "5-10-2015": 7858.41552734375, "6-10-2015": 6920.68408203125, "7-10-2015": 8376.7275390625, "8-10-2015": 6117.021484375, "9-10-2015": 5265.53466796875, "10-10-2015": 6188.04736328125, "11-10-2015": 5208.14208984375, "12-10-2015": 4998.248046875, "13-10-2015": 5055.015625, "14-10-2015": 4895.10595703125, "15-10-2015": 3396.5361328125, "16-10-2015": 3779.54248046875, "17-10-2015": 3372.947265625, "18-10-2015": 3354.21337890625, "19-10-2015": 2251.884765625, "20-10-2015": 2688.82958984375, "21-10-2015": 2659.0556640625, "22-10-2015": 2382.525634765625, "23-10-2015": 1934.72021484375, "24-10-2015": 1852.1552734375, "25-10-2015": 1467.276123046875, "26-10-2015": 1253.4793701171875, "27-10-2015": 1671.114501953125, "28-10-2015": 1858.009521484375, "29-10-2015": 3674.06494140625, "30-10-2015": 3548.4990234375, "31-10-2015": 4788.57861328125, "1-11-2015": 3508.066650390625, "2-11-2015": 4763.33740234375, "3-11-2015": 5325.03857421875, "4-11-2015": 5084.69970703125, "5-11-2015": 4364.8720703125, "6-11-2015": 3893.453857421875, "7-11-2015": 2612.21435546875, "8-11-2015": 1893.3521728515625, "9-11-2015": 1925.75390625, "10-11-2015": 2081.37548828125, "11-11-2015": 2177.46923828125, "12-11-2015": 2185.895263671875, "13-11-2015": 2232.046875, "14-11-2015": 1718.1351318359375, "15-11-2015": 2225.154296875, "16-11-2015": 2097.253173828125, "17-11-2015": 1965.3763427734375,