{"1-1-2012": 962.1931762695312, "2-1-2012": 962.1931762695312, "3-1-2012": 962.1931762695312, "4-1-2012": 962.1931762695312, "5-1-2012": 962.1931762695312, "6-1-2012": 962.1931762695312, "7-1-2012": 962.1931762695312, "8-1-2012": 962.1931762695312, "9-1-2012": 962.1931762695312, "10-1-2012": 962.1931762695312, "11-1-2012": 962.1931762695312, "12-1-2012": 962.1931762695312, "13-1-2012": 962.1931762695312, "14-1-2012": 962.1931762695312, "15-1-2012": 962.1931762695312, "16-1-2012": 962.1931762695312, "17-1-2012": 962.1931762695312, "18-1-2012": 962.1931762695312, "19-1-2012": 962.1931762695312, "20-1-2012": 962.1931762695312, "21-1-2012": 962.1931762695312, "22-1-2012": 962.1931762695312, "23-1-2012": 962.1931762695312, "24-1-2012": 962.1931762695312, "25-1-2012": 962.1931762695312, "26-1-2012": 962.1931762695312, "27-1-2012": 962.1931762695312, "28-1-2012": 962.1931762695312, "29-1-2012": 962.1931762695312, "30-1-2012": 962.1931762695312, "31-1-2012": 962.1931762695312, "1-2-2012": 444.380615234375, "2-2-2012": 454.49896240234375, "3-2-2012": 410.82611083984375, "4-2-2012": 417.06829833984375, "5-2-2012": 470.10418701171875, "6-2-2012": 438.947021484375, "7-2-2012": 515.7431030273438, "8-2-2012": 692.7512817382812, "9-2-2012": 450.01715087890625, "10-2-2012": 426.38507080078125, "11-2-2012": 491.87701416015625, "12-2-2012": 418.19561767578125, "13-2-2012": 411.3245849609375, "14-2-2012": 386.18505859375, "15-2-2012": 439.64276123046875, "16-2-2012": 487.864501953125, "17-2-2012": 394.48919677734375, "18-2-2012": 433.81414794921875, "19-2-2012": 347.27264404296875, "20-2-2012": 579.1339721679688, "21-2-2012": 531.6012573242188, "22-2-2012": 250.14007568359375, "23-2-2012": 425.42449951171875, "24-2-2012": 114.0135498046875, "25-2-2012": 444.25408935546875, "26-2-2012": 386.09136962890625, "27-2-2012": 0.0, "28-2-2012": 0.0, "29-2-2012": 420.46728515625, "1-3-2012": 0.0, "2-3-2012": 0.0, "3-3-2012": 0.0, "4-3-2012": 0.0, "5-3-2012": 0.0, "6-3-2012": 0.0, "7-3-2012": 0.0, "8-3-2012": 0.0, "9-3-2012": 0.0, "10-3-2012": 0.0, "11-3-2012": 0.0, "12-3-2012": 0.0, "13-3-2012": 0.0, "14-3-2012": 0.0, "15-3-2012": 0.0, "16-3-2012": 0.0, "17-3-2012": 0.0, "18-3-2012": 0.0, "19-3-2012": 0.0, "20-3-2012": 0.0, "21-3-2012": 0.0, "22-3-2012": 0.0, "23-3-2012": 0.0, "24-3-2012": 0.0, "25-3-2012": 0.0, "26-3-2012": 0.0, "27-3-2012": 0.0, "28-3-2012": 0.0, "29-3-2012": 0.0, "30-3-2012": 0.0, "31-3-2012": 0.0, "1-4-2012": 0.0, "2-4-2012": 0.0, "3-4-2012": 0.0, "4-4-2012": 0.0, "5-4-2012": 0.0, "6-4-2012": 0.0, "7-4-2012": 0.0, "8-4-2012": 0.0, "9-4-2012": 0.0, "10-4-2012": 0.0, "11-4-2012": 0.0, "12-4-2012": 0.0, "13-4-2012": 31.346622467041016, "14-4-2012": 0.0, "15-4-2012": 0.0, "16-4-2012": 229.74319458007812, "17-4-2012": 0.0, "18-4-2012": 0.0, "19-4-2012": 343.7491455078125, "20-4-2012": 0.0, "21-4-2012": 0.0, "22-4-2012": 0.0, "23-4-2012": 470.19873046875, "24-4-2012": 432.2568359375, "25-4-2012": 0.0, "26-4-2012": 0.0, "27-4-2012": 0.0, "28-4-2012": 0.0, "29-4-2012": 0.0, "30-4-2012": 354.6369323730469, "1-5-2012": 437.5295715332031, "2-5-2012": 962.1931762695312, "3-5-2012": 962.1931762695312, "4-5-2012": 962.1931762695312, "5-5-2012": 791.808837890625, "6-5-2012": 962.1931762695312, "7-5-2012": 962.1931762695312, "8-5-2012": 456.8194274902344, "9-5-2012": 962.1931762695312, "10-5-2012": 962.1931762695312, "11-5-2012": 962.1931762695312, "12-5-2012": 171.5511932373047, "13-5-2012": 962.1931762695312, "14-5-2012": 962.1931762695312, "15-5-2012": 962.1931762695312, "16-5-2012": 815.5491333007812, "17-5-2012": 962.1931762695312, "18-5-2012": 989.3236083984375, "19-5-2012": 962.1931762695312, "20-5-2012": 2399.49755859375, "21-5-2012": 0.0, "22-5-2012": 962.1931762695312, "23-5-2012": 896.2979125976562, "24-5-2012": 614.2747192382812, "25-5-2012": 962.1931762695312, "26-5-2012": 1144.6611328125, "27-5-2012": 962.1931762695312, "28-5-2012": 962.1931762695312, "29-5-2012": 445.85894775390625, "30-5-2012": 676.3639526367188, "31-5-2012": 962.1931762695312, "1-6-2012": 1382.536376953125, "2-6-2012": 1210.679931640625, "3-6-2012": 286.41827392578125, "4-6-2012": 1560.35986328125, "5-6-2012": 560.1622924804688, "6-6-2012": 0.0, "7-6-2012": 1164.2493896484375, "8-6-2012": 2897.197998046875, "9-6-2012": 1348.978271484375, "10-6-2012": 768.0033569335938, "11-6-2012": 2194.47509765625, "12-6-2012": 1620.0396728515625, "13-6-2012": 2979.353759765625, "14-6-2012": 4834.46923828125, "15-6-2012": 5660.4609375, "16-6-2012": 5031.24169921875, "17-6-2012": 4797.77734375, "18-6-2012": 6666.11865234375, "19-6-2012": 6066.1337890625, "20-6-2012": 10019.9697265625, "21-6-2012": 8808.748046875, "22-6-2012": 7152.86181640625, "23-6-2012": 6219.18310546875, "24-6-2012": 5485.873046875, "25-6-2012": 5254.70068359375, "26-6-2012": 6136.05712890625, "27-6-2012": 10753.0283203125, "28-6-2012": 11403.7197265625, "29-6-2012": 11315.859375, "30-6-2012": 6771.66357421875, "1-7-2012": 7304.064453125, "2-7-2012": 6261.8876953125, "3-7-2012": 5833.720703125, "4-7-2012": 7026.94921875, "5-7-2012": 5607.63818359375, "6-7-2012": 4567.55517578125, "7-7-2012": 8592.3701171875, "8-7-2012": 3149.51708984375, "9-7-2012": 4596.77880859375, "10-7-2012": 3271.18896484375, "11-7-2012": 3666.14501953125, "12-7-2012": 5315.63134765625, "13-7-2012": 3670.06494140625, "14-7-2012": 4028.91748046875, "15-7-2012": 4184.90283203125, "16-7-2012": 7012.94091796875, "17-7-2012": 7825.9560546875, "18-7-2012": 9528.2666015625, "19-7-2012": 10278.98828125, "20-7-2012": 11018.80859375, "21-7-2012": 13864.4736328125, "22-7-2012": 12235.6220703125, "23-7-2012": 9781.6787109375, "24-7-2012": 11608.513671875, "25-7-2012": 11239.6767578125, "26-7-2012": 12099.537109375, "27-7-2012": 9577.2275390625, "28-7-2012": 6781.08349609375, "29-7-2012": 6519.98876953125, "30-7-2012": 6469.60498046875, "31-7-2012": 5919.76953125, "1-8-2012": 7428.68310546875, "2-8-2012": 7541.32177734375, "3-8-2012": 7986.04541015625, "4-8-2012": 8151.88037109375, "5-8-2012": 8713.0615234375, "6-8-2012": 10764.4677734375, "7-8-2012": 15532.9462890625, "8-8-2012": 13538.6298828125, "9-8-2012": 15459.5791015625, "10-8-2012": 14671.8564453125, "11-8-2012": 14648.1669921875, "12-8-2012": 13314.2099609375, "13-8-2012": 12987.4248046875, "14-8-2012": 8852.142578125, "15-8-2012": 8130.22802734375, "16-8-2012": 5836.38525390625, "17-8-2012": 4446.99560546875, "18-8-2012": 5547.16552734375, "19-8-2012": 4710.05615234375, "20-8-2012": 4994.96826171875, "21-8-2012": 4936.619140625, "22-8-2012": 9934.6455078125, "23-8-2012": 8588.3583984375, "24-8-2012": 8629.1650390625, "25-8-2012": 7196.64599609375, "26-8-2012": 6856.06005859375, "27-8-2012": 3876.081787109375, "28-8-2012": 6104.515625, "29-8-2012": 6641.52490234375, "30-8-2012": 8203.375, "31-8-2012": 9074.33984375, "1-9-2012": 17650.71875, "2-9-2012": 22410.80078125, "3-9-2012": 26273.408203125, "4-9-2012": 32181.4765625, "5-9-2012": 36432.765625, "6-9-2012": 31807.439453125, "7-9-2012": 26180.916015625, "8-9-2012": 20910.138671875, "9-9-2012": 16478.796875, "10-9-2012": 13478.0576171875, "11-9-2012": 14048.4755859375, "12-9-2012": 12160.919921875, "13-9-2012": 11450.236328125, "14-9-2012": 10219.4658203125, "15-9-2012": 10522.5458984375, "16-9-2012": 10300.298828125, "17-9-2012": 11059.259765625, "18-9-2012": 8647.255859375, "19-9-2012": 8081.9052734375, "20-9-2012": 9322.9501953125, "21-9-2012": 7063.68896484375, "22-9-2012": 6569.60009765625, "23-9-2012": 4244.376953125, "24-9-2012": 2791.67333984375, "25-9-2012": 1110.265869140625, "26-9-2012": 2114.895751953125, "27-9-2012": 3653.291259765625, "28-9-2012": 3670.04443359375, "29-9-2012": 2941.90966796875, "30-9-2012": 1120.41162109375, "1-10-2012": 2204.86328125, "2-10-2012": 5932.0849609375, "3-10-2012": 5676.52490234375, "4-10-2012": 2357.3955078125, "5-10-2012": 3778.74560546875, "6-10-2012": 6604.39306640625, "7-10-2012": 5476.857421875, "8-10-2012": 5694.31689453125, "9-10-2012": 4626.529296875, "10-10-2012": 4680.27490234375, "11-10-2012": 7356.7060546875,