{"1-1-2011": 3414.151123046875, "2-1-2011": 3009.39501953125, "3-1-2011": 2588.89453125, "4-1-2011": 2296.633056640625, "5-1-2011": 1870.192626953125, "6-1-2011": 1436.81689453125, "7-1-2011": 1553.884521484375, "8-1-2011": 1713.947265625, "9-1-2011": 1434.05322265625, "10-1-2011": 1570.54150390625, "11-1-2011": 1558.9892578125, "12-1-2011": 1829.954833984375, "13-1-2011": 1451.3651123046875, "14-1-2011": 1168.13671875, "15-1-2011": 1175.67578125, "16-1-2011": 1409.9366455078125, "17-1-2011": 1673.3980712890625, "18-1-2011": 2152.07373046875, "19-1-2011": 1851.4794921875, "20-1-2011": 1889.4534912109375, "21-1-2011": 1964.245361328125, "22-1-2011": 1376.042236328125, "23-1-2011": 1821.982177734375, "24-1-2011": 1703.0428466796875, "25-1-2011": 1384.06982421875, "26-1-2011": 1322.8131103515625, "27-1-2011": 1706.9100341796875, "28-1-2011": 1933.849609375, "29-1-2011": 1244.71337890625, "30-1-2011": 1875.269287109375, "31-1-2011": 1407.54931640625, "1-2-2011": 919.402587890625, "2-2-2011": 0.0, "3-2-2011": 0.0, "4-2-2011": 0.0, "5-2-2011": 0.0, "6-2-2011": 0.0, "7-2-2011": 0.0, "8-2-2011": 0.0, "9-2-2011": 0.0, "10-2-2011": 0.0, "11-2-2011": 0.0, "12-2-2011": 0.0, "13-2-2011": 0.0, "14-2-2011": 0.0, "15-2-2011": 0.0, "16-2-2011": 0.0, "17-2-2011": 0.0, "18-2-2011": 0.0, "19-2-2011": 0.0, "20-2-2011": 0.0, "21-2-2011": 0.0, "22-2-2011": 0.0, "23-2-2011": 0.0, "24-2-2011": 2251.26611328125, "25-2-2011": 0.0, "26-2-2011": 1972.8687744140625, "27-2-2011": 856.0685424804688, "28-2-2011": 1000.4813842773438, "1-3-2011": 0.0, "2-3-2011": 0.0, "3-3-2011": 0.0, "4-3-2011": 0.0, "5-3-2011": 0.0, "6-3-2011": 0.0, "7-3-2011": 0.0, "8-3-2011": 0.0, "9-3-2011": 0.0, "10-3-2011": 0.0, "11-3-2011": 0.0, "12-3-2011": 0.0, "13-3-2011": 0.0, "14-3-2011": 0.0, "15-3-2011": 0.0, "16-3-2011": 0.0, "17-3-2011": 0.0, "18-3-2011": 0.0, "19-3-2011": 0.0, "20-3-2011": 0.0, "21-3-2011": 0.0, "22-3-2011": 0.0, "23-3-2011": 0.0, "24-3-2011": 0.0, "25-3-2011": 0.0, "26-3-2011": 0.0, "27-3-2011": 0.0, "28-3-2011": 0.0, "29-3-2011": 0.0, "30-3-2011": 0.0, "31-3-2011": 0.0, "1-4-2011": 0.0, "2-4-2011": 0.0, "3-4-2011": 0.0, "4-4-2011": 0.0, "5-4-2011": 0.0, "6-4-2011": 0.0, "7-4-2011": 0.0, "8-4-2011": 0.0, "9-4-2011": 0.0, "10-4-2011": 0.0, "11-4-2011": 0.0, "12-4-2011": 0.0, "13-4-2011": 0.0, "14-4-2011": 0.0, "15-4-2011": 0.0, "16-4-2011": 0.0, "17-4-2011": 0.0, "18-4-2011": 0.0, "19-4-2011": 0.0, "20-4-2011": 0.0, "21-4-2011": 0.0, "22-4-2011": 0.0, "23-4-2011": 0.0, "24-4-2011": 0.0, "25-4-2011": 0.0, "26-4-2011": 0.0, "27-4-2011": 0.0, "28-4-2011": 0.0, "29-4-2011": 0.0, "30-4-2011": 0.0, "1-5-2011": 0.0, "2-5-2011": 0.0, "3-5-2011": 0.0, "4-5-2011": 0.0, "5-5-2011": 0.0, "6-5-2011": 0.0, "7-5-2011": 0.0, "8-5-2011": 0.0, "9-5-2011": 0.0, "10-5-2011": 0.0, "11-5-2011": 0.0, "12-5-2011": 0.0, "13-5-2011": 0.0, "14-5-2011": 0.0, "15-5-2011": 0.0, "16-5-2011": 0.0, "17-5-2011": 0.0, "18-5-2011": 0.0, "19-5-2011": 0.0, "20-5-2011": 0.0, "21-5-2011": 0.0, "22-5-2011": 0.0, "23-5-2011": 0.0, "24-5-2011": 0.0, "25-5-2011": 0.0, "26-5-2011": 0.0, "27-5-2011": 0.0, "28-5-2011": 0.0, "29-5-2011": 0.0, "30-5-2011": 0.0, "31-5-2011": 0.0, "1-6-2011": 2176.44189453125, "2-6-2011": 1484.3050537109375, "3-6-2011": 981.0950317382812, "4-6-2011": 2151.597412109375, "5-6-2011": 1866.29296875, "6-6-2011": 2075.10498046875, "7-6-2011": 2708.49560546875, "8-6-2011": 4999.81298828125, "9-6-2011": 4787.79736328125, "10-6-2011": 3775.67041015625, "11-6-2011": 3210.10498046875, "12-6-2011": 3190.051513671875, "13-6-2011": 3885.0712890625, "14-6-2011": 6787.45751953125, "15-6-2011": 7477.09814453125, "16-6-2011": 7187.017578125, "17-6-2011": 8700.470703125, "18-6-2011": 7273.26708984375, "19-6-2011": 7565.11962890625, "20-6-2011": 13879.4091796875, "21-6-2011": 9855.77734375, "22-6-2011": 5570.84130859375, "23-6-2011": 4168.109375, "24-6-2011": 2819.05517578125, "25-6-2011": 3079.983154296875, "26-6-2011": 3656.5302734375, "27-6-2011": 7756.20458984375, "28-6-2011": 11491.5927734375, "29-6-2011": 12522.0439453125, "30-6-2011": 12629.3896484375, "1-7-2011": 4730.5087890625, "2-7-2011": 3891.130859375, "3-7-2011": 3379.912353515625, "4-7-2011": 4263.82275390625, "5-7-2011": 9175.296875, "6-7-2011": 9079.6494140625, "7-7-2011": 7659.47314453125, "8-7-2011": 6256.48388671875, "9-7-2011": 4539.3876953125, "10-7-2011": 4189.6298828125, "11-7-2011": 3585.6982421875, "12-7-2011": 4818.98486328125, "13-7-2011": 5741.62744140625, "14-7-2011": 5629.89892578125, "15-7-2011": 5069.21826171875, "16-7-2011": 10874.2294921875, "17-7-2011": 16567.01953125, "18-7-2011": 18994.169921875, "19-7-2011": 21132.375, "20-7-2011": 22690.943359375, "21-7-2011": 22762.123046875, "22-7-2011": 18925.4765625, "23-7-2011": 17362.806640625, "24-7-2011": 16461.826171875, "25-7-2011": 17695.69140625, "26-7-2011": 19903.755859375, "27-7-2011": 17005.306640625, "28-7-2011": 11904.5712890625, "29-7-2011": 11659.6572265625, "30-7-2011": 11126.896484375, "31-7-2011": 11858.2177734375, "1-8-2011": 9279.6611328125, "2-8-2011": 10468.2001953125, "3-8-2011": 12409.8046875, "4-8-2011": 14294.0283203125, "5-8-2011": 22828.84375, "6-8-2011": 24303.15234375, "7-8-2011": 28726.087890625, "8-8-2011": 30415.537109375, "9-8-2011": 27350.720703125, "10-8-2011": 18585.650390625, "11-8-2011": 13642.3603515625, "12-8-2011": 13119.9970703125, "13-8-2011": 12152.4384765625, "14-8-2011": 13812.6142578125, "15-8-2011": 14790.5224609375, "16-8-2011": 13932.9775390625, "17-8-2011": 11419.81640625, "18-8-2011": 6843.8369140625, "19-8-2011": 7282.14208984375, "20-8-2011": 5762.193359375, "21-8-2011": 5626.49658203125, "22-8-2011": 6932.20849609375, "23-8-2011": 8713.1396484375, "24-8-2011": 8301.3095703125, "25-8-2011": 7929.4580078125, "26-8-2011": 7953.25439453125, "27-8-2011": 7792.62353515625, "28-8-2011": 8782.5849609375, "29-8-2011": 5821.22900390625, "30-8-2011": 4520.3017578125, "31-8-2011": 5513.89404296875, "1-9-2011": 18757.259765625, "2-9-2011": 23257.158203125, "3-9-2011": 32365.22265625, "4-9-2011": 36355.34375, "5-9-2011": 42875.84375, "6-9-2011": 38497.60546875, "7-9-2011": 26359.294921875, "8-9-2011": 19857.427734375, "9-9-2011": 16754.966796875, "10-9-2011": 15458.7021484375, "11-9-2011": 14006.849609375, "12-9-2011": 14794.0302734375, "13-9-2011": 15175.5615234375, "14-9-2011": 13869.103515625, "15-9-2011": 12390.4208984375, "16-9-2011": 12003.2197265625, "17-9-2011": 13467.328125, "18-9-2011": 9089.3740234375, "19-9-2011": 7831.06201171875, "20-9-2011": 7465.7060546875, "21-9-2011": 7875.26171875, "22-9-2011": 6703.11328125, "23-9-2011": 6038.55126953125, "24-9-2011": 5558.1806640625, "25-9-2011": 4786.60693359375, "26-9-2011": 4663.1259765625, "27-9-2011": 4120.31982421875, "28-9-2011": 3056.610595703125, "29-9-2011": 3634.870849609375, "30-9-2011": 3938.59716796875, "1-10-2011": 4314.056640625, "2-10-2011": 5519.67529296875, "3-10-2011": 6137.3984375, "4-10-2011": 5218.51611328125, "5-10-2011": 4358.43310546875, "6-10-2011": 8318.4853515625, "7-10-2011": 4837.12353515625, "8-10-2011": 4427.76220703125, "9-10-2011": 4296.34423828125, "10-10-2011": 5460.58154296875, "11-10-2011": 5414.35302734375, "12-10-2011": 7729.26123046875, "13-10-2011": 9061.3212890625, "14-10-2011": 8703.0712890625, "15-10-2011": 9417.86328125, "16-10-2011": 9040.87109375, "17-10-2011": 8292.2802734375, "18-10-2011": 6985.92431640625, "19-10-2011": 4939.91162109375, "20-10-2011": 4477.36767578125, "21-10-2011": 5409.89599609375, "22-10-2011": 5782.60205078125, "23-10-2011": 5256.90478515625, "24-10-2011": 5365.17431640625, "25-10-2011": 7456.78857421875, "26-10-2011": 7675.33740234375, "27-10-2011": 6343.96533203125, "28-10-2011": 4846.15771484375, "29-10-2011": 4122.5693359375, "30-10-2011": 3658.119140625, "31-10-2011": 3687.15283203125, "1-11-2011": 4955.17041015625, "2-11-2011": 5474.32373046875, "3-11-2011": 7041.2236328125, "4-11-2011": 10858.2744140625, "5-11-2011": 9882.640625, "6-11-2011": 7243.13720703125, "7-11-2011": 6400.89697265625,