{"1-1-2017": 846.2592163085938, "2-1-2017": 962.1931762695312, "3-1-2017": 962.1931762695312, "4-1-2017": 962.1931762695312, "5-1-2017": 962.1931762695312, "6-1-2017": 962.1931762695312, "7-1-2017": 643.5595092773438, "8-1-2017": 962.1931762695312, "9-1-2017": 962.1931762695312, "10-1-2017": 778.0765380859375, "11-1-2017": 962.1931762695312, "12-1-2017": 596.787109375, "13-1-2017": 594.651123046875, "14-1-2017": 962.1931762695312, "15-1-2017": 962.1931762695312, "16-1-2017": 606.3724975585938, "17-1-2017": 502.59454345703125, "18-1-2017": 962.1931762695312, "19-1-2017": 632.875, "20-1-2017": 619.3517456054688, "21-1-2017": 962.1931762695312, "22-1-2017": 962.1931762695312, "23-1-2017": 706.6815795898438, "24-1-2017": 962.1931762695312, "25-1-2017": 962.1931762695312, "26-1-2017": 677.994384765625, "27-1-2017": 574.6961059570312, "28-1-2017": 575.8919677734375, "29-1-2017": 574.511474609375, "30-1-2017": 583.4716796875, "31-1-2017": 372.78350830078125, "1-2-2017": 0.0, "2-2-2017": 0.0, "3-2-2017": 0.0, "4-2-2017": 0.0, "5-2-2017": 0.0, "6-2-2017": 0.0, "7-2-2017": 0.0, "8-2-2017": 0.0, "9-2-2017": 0.0, "10-2-2017": 0.0, "11-2-2017": 559.2728881835938, "12-2-2017": 607.4054565429688, "13-2-2017": 0.0, "14-2-2017": 0.0, "15-2-2017": 0.0, "16-2-2017": 578.5789794921875, "17-2-2017": 962.1931762695312, "18-2-2017": 0.0, "19-2-2017": 962.1931762695312, "20-2-2017": 427.8974914550781, "21-2-2017": 412.7855224609375, "22-2-2017": 353.3802795410156, "23-2-2017": 0.0, "24-2-2017": 0.0, "25-2-2017": 879.1221313476562, "26-2-2017": 962.1931762695312, "27-2-2017": 962.1931762695312, "28-2-2017": 962.1931762695312, "1-3-2017": 0.0, "2-3-2017": 0.0, "3-3-2017": 0.0, "4-3-2017": 0.0, "5-3-2017": 181.2095947265625, "6-3-2017": 0.0, "7-3-2017": 310.31024169921875, "8-3-2017": 370.831298828125, "9-3-2017": 0.0, "10-3-2017": 0.0, "11-3-2017": 0.0, "12-3-2017": 148.51837158203125, "13-3-2017": 0.0, "14-3-2017": 0.0, "15-3-2017": 0.0, "16-3-2017": 0.0, "17-3-2017": 0.0, "18-3-2017": 0.0, "19-3-2017": 332.2953186035156, "20-3-2017": 0.0, "21-3-2017": 394.58282470703125, "22-3-2017": 1763.5247802734375, "23-3-2017": 554.926513671875, "24-3-2017": 0.0, "25-3-2017": 1057.2791748046875, "26-3-2017": 0.0, "27-3-2017": 743.1204223632812, "28-3-2017": 761.4161987304688, "29-3-2017": 0.0, "30-3-2017": 0.0, "31-3-2017": 0.0, "1-4-2017": 0.0, "2-4-2017": 0.0, "3-4-2017": 0.0, "4-4-2017": 962.1931762695312, "5-4-2017": 0.0, "6-4-2017": 0.0, "7-4-2017": 0.0, "8-4-2017": 0.0, "9-4-2017": 0.0, "10-4-2017": 0.0, "11-4-2017": 0.0, "12-4-2017": 0.0, "13-4-2017": 0.0, "14-4-2017": 0.0, "15-4-2017": 0.0, "16-4-2017": 0.0, "17-4-2017": 0.0, "18-4-2017": 0.0, "19-4-2017": 0.0, "20-4-2017": 0.0, "21-4-2017": 0.0, "22-4-2017": 286.49542236328125, "23-4-2017": 0.0, "24-4-2017": 427.69232177734375, "25-4-2017": 0.0, "26-4-2017": 0.0, "27-4-2017": 0.0, "28-4-2017": 0.0, "29-4-2017": 0.0, "30-4-2017": 148.1094970703125, "1-5-2017": 377.17120361328125, "2-5-2017": 962.1931762695312, "3-5-2017": 0.0, "4-5-2017": 962.1931762695312, "5-5-2017": 473.6861267089844, "6-5-2017": 551.791748046875, "7-5-2017": 535.8224487304688, "8-5-2017": 961.021240234375, "9-5-2017": 962.1931762695312, "10-5-2017": 125.70632934570312, "11-5-2017": 433.91973876953125, "12-5-2017": 0.0, "13-5-2017": 455.7873840332031, "14-5-2017": 962.1931762695312, "15-5-2017": 962.1931762695312, "16-5-2017": 579.4932250976562, "17-5-2017": 587.9283447265625, "18-5-2017": 815.9674682617188, "19-5-2017": 630.6461181640625, "20-5-2017": 444.3644104003906, "21-5-2017": 483.5889892578125, "22-5-2017": 962.1931762695312, "23-5-2017": 0.0, "24-5-2017": 962.1931762695312, "25-5-2017": 572.277587890625, "26-5-2017": 541.5298461914062, "27-5-2017": 643.2591552734375, "28-5-2017": 877.0630493164062, "29-5-2017": 582.8338623046875, "30-5-2017": 609.4971313476562, "31-5-2017": 595.5736694335938, "1-6-2017": 0.0, "2-6-2017": 1093.0771484375, "3-6-2017": 1559.1298828125, "4-6-2017": 622.2225952148438, "5-6-2017": 735.1801147460938, "6-6-2017": 0.0, "7-6-2017": 0.0, "8-6-2017": 815.2186889648438, "9-6-2017": 0.0, "10-6-2017": 1535.66748046875, "11-6-2017": 2173.826904296875, "12-6-2017": 4291.7548828125, "13-6-2017": 5434.6171875, "14-6-2017": 6443.3173828125, "15-6-2017": 6503.056640625, "16-6-2017": 8148.43505859375, "17-6-2017": 4908.4814453125, "18-6-2017": 4654.00732421875, "19-6-2017": 4296.49560546875, "20-6-2017": 2771.427978515625, "21-6-2017": 5088.41064453125, "22-6-2017": 8303.056640625, "23-6-2017": 5947.13916015625, "24-6-2017": 6915.89599609375, "25-6-2017": 5540.55712890625, "26-6-2017": 3098.828857421875, "27-6-2017": 2504.579345703125, "28-6-2017": 2671.3291015625, "29-6-2017": 5858.49462890625, "30-6-2017": 6508.46728515625, "1-7-2017": 4470.32373046875, "2-7-2017": 5088.466796875, "3-7-2017": 1532.8355712890625, "4-7-2017": 6949.7294921875, "5-7-2017": 4286.30712890625, "6-7-2017": 6501.0576171875, "7-7-2017": 12310.1845703125, "8-7-2017": 7468.72216796875, "9-7-2017": 5877.32421875, "10-7-2017": 2777.247802734375, "11-7-2017": 1462.766845703125, "12-7-2017": 2966.074951171875, "13-7-2017": 4133.3203125, "14-7-2017": 1157.764892578125, "15-7-2017": 2004.58984375, "16-7-2017": 6979.94384765625, "17-7-2017": 5772.58154296875, "18-7-2017": 7839.73046875, "19-7-2017": 8043.63623046875, "20-7-2017": 12758.3876953125, "21-7-2017": 9887.20703125, "22-7-2017": 15684.9697265625, "23-7-2017": 18102.44921875, "24-7-2017": 14165.7255859375, "25-7-2017": 13560.8017578125, "26-7-2017": 10187.556640625, "27-7-2017": 4748.45751953125, "28-7-2017": 4813.57080078125, "29-7-2017": 3515.82958984375, "30-7-2017": 3751.408447265625, "31-7-2017": 5084.7802734375, "1-8-2017": 3606.5703125, "2-8-2017": 3396.9150390625, "3-8-2017": 4614.37255859375, "4-8-2017": 4048.935302734375, "5-8-2017": 5414.10400390625, "6-8-2017": 7277.91552734375, "7-8-2017": 12325.955078125, "8-8-2017": 11314.6845703125, "9-8-2017": 14029.6181640625, "10-8-2017": 12949.5244140625, "11-8-2017": 24122.556640625, "12-8-2017": 15752.1875, "13-8-2017": 12960.958984375, "14-8-2017": 5384.89892578125, "15-8-2017": 4456.9638671875, "16-8-2017": 3169.743896484375, "17-8-2017": 3449.408203125, "18-8-2017": 3846.519287109375, "19-8-2017": 4745.607421875, "20-8-2017": 2959.253662109375, "21-8-2017": 3989.490234375, "22-8-2017": 18709.177734375, "23-8-2017": 19194.306640625, "24-8-2017": 19354.001953125, "25-8-2017": 17553.220703125, "26-8-2017": 15379.9072265625, "27-8-2017": 7193.03759765625, "28-8-2017": 8643.3837890625, "29-8-2017": 9920.1611328125, "30-8-2017": 17535.763671875, "31-8-2017": 13397.5732421875, "1-9-2017": 9733.9326171875, "2-9-2017": 7364.57470703125, "3-9-2017": 7647.8046875, "4-9-2017": 8241.4609375, "5-9-2017": 6471.7470703125, "6-9-2017": 7544.85693359375, "7-9-2017": 7063.60791015625, "8-9-2017": 5873.49658203125, "9-9-2017": 8072.53662109375, "10-9-2017": 9910.1943359375, "11-9-2017": 5547.68505859375, "12-9-2017": 4828.73486328125, "13-9-2017": 5826.36572265625, "14-9-2017": 4477.55078125, "15-9-2017": 3169.87939453125, "16-9-2017": 4952.12353515625, "17-9-2017": 4130.63671875, "18-9-2017": 3498.28076171875, "19-9-2017": 5107.30126953125, "20-9-2017": 5863.88427734375, "21-9-2017": 8445.0947265625, "22-9-2017": 5915.91650390625, "23-9-2017": 6633.8125, "24-9-2017": 4965.57177734375, "25-9-2017": 7386.51025390625, "26-9-2017": 9950.6025390625, "27-9-2017": 10312.314453125, "28-9-2017": 11253.6513671875, "29-9-2017": 9187.7626953125, "30-9-2017": 9423.025390625, "1-10-2017": 7855.10498046875, "2-10-2017": 9915.8916015625, "3-10-2017": 7652.0693359375, "4-10-2017": 8191.0107421875, "5-10-2017": 8231.4091796875, "6-10-2017": 7778.4794921875, "7-10-2017": 7984.37744140625, "8-10-2017": 5647.90869140625, "9-10-2017": 5481.40283203125, "10-10-2017": 6436.11279296875, "11-10-2017": 6716.6025390625, "12-10-2017": 7182.40673828125, "13-10-2017": 6472.494140625, "14-10-2017": 4804.6025390625, "15-10-2017": 6169.41357421875, "16-10-2017": 6264.65478515625,