{"1-1-2020": 0.0, "2-1-2020": 0.0, "3-1-2020": 173.0069580078125, "4-1-2020": 232.8785400390625, "5-1-2020": 323.70257568359375, "6-1-2020": 278.24688720703125, "7-1-2020": 232.07611083984375, "8-1-2020": 137.86907958984375, "9-1-2020": 291.13201904296875, "10-1-2020": 294.53009033203125, "11-1-2020": 183.56097412109375, "12-1-2020": 250.53369140625, "13-1-2020": 260.23944091796875, "14-1-2020": 0.0, "15-1-2020": 262.31585693359375, "16-1-2020": 0.0, "17-1-2020": 0.0, "18-1-2020": 242.14337158203125, "19-1-2020": 163.55181884765625, "20-1-2020": 0.0, "21-1-2020": 238.40478515625, "22-1-2020": 344.6455993652344, "23-1-2020": 0.0, "24-1-2020": 0.0, "25-1-2020": 226.11181640625, "26-1-2020": 244.63446044921875, "27-1-2020": 277.09820556640625, "28-1-2020": 0.0, "29-1-2020": 315.73809814453125, "30-1-2020": 166.71405029296875, "31-1-2020": 0.0, "1-2-2020": 0.0, "2-2-2020": 0.0, "3-2-2020": 0.0, "4-2-2020": 0.0, "5-2-2020": 0.0, "6-2-2020": 0.0, "7-2-2020": 0.0, "8-2-2020": 0.0, "9-2-2020": 0.0, "10-2-2020": 0.0, "11-2-2020": 455.93060302734375, "12-2-2020": 574.5242919921875, "13-2-2020": 0.0, "14-2-2020": 0.0, "15-2-2020": 0.0, "16-2-2020": 534.81787109375, "17-2-2020": 962.1931762695312, "18-2-2020": 0.0, "19-2-2020": 962.1931762695312, "20-2-2020": 416.32354736328125, "21-2-2020": 408.4867858886719, "22-2-2020": 362.70166015625, "23-2-2020": 0.0, "24-2-2020": 0.0, "25-2-2020": 849.1380004882812, "26-2-2020": 962.028564453125, "27-2-2020": 962.1931762695312, "28-2-2020": 962.1931762695312, "29-2-2020": 0.0, "1-3-2020": 0.0, "2-3-2020": 0.0, "3-3-2020": 0.0, "4-3-2020": 0.0, "5-3-2020": 0.0, "6-3-2020": 0.0, "7-3-2020": 0.0, "8-3-2020": 0.0, "9-3-2020": 0.0, "10-3-2020": 0.0, "11-3-2020": 0.0, "12-3-2020": 0.0, "13-3-2020": 0.0, "14-3-2020": 0.0, "15-3-2020": 0.0, "16-3-2020": 0.0, "17-3-2020": 0.0, "18-3-2020": 0.0, "19-3-2020": 0.0, "20-3-2020": 0.0, "21-3-2020": 0.0, "22-3-2020": 0.0, "23-3-2020": 0.0, "24-3-2020": 0.0, "25-3-2020": 0.0, "26-3-2020": 0.0, "27-3-2020": 0.0, "28-3-2020": 0.0, "29-3-2020": 0.0, "30-3-2020": 0.0, "31-3-2020": 0.0, "1-4-2020": 0.0, "2-4-2020": 0.0, "3-4-2020": 0.0, "4-4-2020": 962.1931762695312, "5-4-2020": 0.0, "6-4-2020": 0.0, "7-4-2020": 0.0, "8-4-2020": 0.0, "9-4-2020": 0.0, "10-4-2020": 0.0, "11-4-2020": 0.0, "12-4-2020": 0.0, "13-4-2020": 0.0, "14-4-2020": 0.0, "15-4-2020": 0.0, "16-4-2020": 0.0, "17-4-2020": 0.0, "18-4-2020": 0.0, "19-4-2020": 0.0, "20-4-2020": 0.0, "21-4-2020": 0.0, "22-4-2020": 407.7575988769531, "23-4-2020": 0.0, "24-4-2020": 427.66876220703125, "25-4-2020": 0.0, "26-4-2020": 0.0, "27-4-2020": 0.0, "28-4-2020": 0.0, "29-4-2020": 0.0, "30-4-2020": 182.42666625976562, "1-5-2020": 447.3084716796875, "2-5-2020": 962.1931762695312, "3-5-2020": 0.0, "4-5-2020": 962.1931762695312, "5-5-2020": 428.441162109375, "6-5-2020": 503.0495300292969, "7-5-2020": 507.39349365234375, "8-5-2020": 962.1931762695312, "9-5-2020": 962.1931762695312, "10-5-2020": 17.145233154296875, "11-5-2020": 962.1931762695312, "12-5-2020": 0.0, "13-5-2020": 962.1931762695312, "14-5-2020": 962.1931762695312, "15-5-2020": 962.1931762695312, "16-5-2020": 572.3906860351562, "17-5-2020": 542.3467407226562, "18-5-2020": 962.1931762695312, "19-5-2020": 544.8009033203125, "20-5-2020": 442.46466064453125, "21-5-2020": 476.98162841796875, "22-5-2020": 962.1931762695312, "23-5-2020": 502.9013366699219, "24-5-2020": 962.1931762695312, "25-5-2020": 962.1931762695312, "26-5-2020": 792.6989135742188, "27-5-2020": 607.7210083007812, "28-5-2020": 830.44287109375, "29-5-2020": 503.6152648925781, "30-5-2020": 507.06524658203125, "31-5-2020": 534.6254272460938, "1-6-2020": 0.0, "2-6-2020": 1211.0361328125, "3-6-2020": 1817.826416015625, "4-6-2020": 948.0692749023438, "5-6-2020": 901.0778198242188, "6-6-2020": 0.0, "7-6-2020": 492.73529052734375, "8-6-2020": 1708.22216796875, "9-6-2020": 0.0, "10-6-2020": 444.67474365234375, "11-6-2020": 1805.000244140625, "12-6-2020": 3127.843017578125, "13-6-2020": 5737.72314453125, "14-6-2020": 6079.91455078125, "15-6-2020": 6459.15087890625, "16-6-2020": 7029.52392578125, "17-6-2020": 5126.83203125, "18-6-2020": 5608.13818359375, "19-6-2020": 5671.62939453125, "20-6-2020": 5515.40966796875, "21-6-2020": 6316.73583984375, "22-6-2020": 8062.5849609375, "23-6-2020": 6639.05078125, "24-6-2020": 6209.75146484375, "25-6-2020": 4599.05078125, "26-6-2020": 3363.491943359375, "27-6-2020": 3456.09228515625, "28-6-2020": 3575.58935546875, "29-6-2020": 6498.42724609375, "30-6-2020": 5493.52294921875, "1-7-2020": 7512.3642578125, "2-7-2020": 6952.81982421875, "3-7-2020": 5403.57470703125, "4-7-2020": 6327.84375, "5-7-2020": 7100.087890625, "6-7-2020": 7099.4296875, "7-7-2020": 5754.79052734375, "8-7-2020": 7608.80517578125, "9-7-2020": 5848.11279296875, "10-7-2020": 4462.0205078125, "11-7-2020": 5248.63037109375, "12-7-2020": 4139.94091796875, "13-7-2020": 6523.544921875, "14-7-2020": 4606.67333984375, "15-7-2020": 4375.38232421875, "16-7-2020": 8991.7841796875, "17-7-2020": 9111.92578125, "18-7-2020": 9565.4228515625, "19-7-2020": 9903.5986328125, "20-7-2020": 12224.5830078125, "21-7-2020": 12696.09375, "22-7-2020": 13923.0849609375, "23-7-2020": 14797.8505859375, "24-7-2020": 13791.490234375, "25-7-2020": 13739.232421875, "26-7-2020": 12530.4658203125, "27-7-2020": 10389.1875, "28-7-2020": 7891.45751953125, "29-7-2020": 6955.01025390625, "30-7-2020": 6990.4775390625, "31-7-2020": 4106.97314453125, "1-8-2020": 12011.58984375, "2-8-2020": 14096.9111328125, "3-8-2020": 15088.150390625, "4-8-2020": 7678.10791015625, "5-8-2020": 23591.517578125, "6-8-2020": 26612.939453125, "7-8-2020": 27000.72265625, "8-8-2020": 35547.109375, "9-8-2020": 30629.056640625, "10-8-2020": 3430.82666015625, "11-8-2020": 0.0, "12-8-2020": 0.0, "13-8-2020": 24723.572265625, "14-8-2020": 27873.923828125, "15-8-2020": 16246.48046875, "16-8-2020": 24426.421875, "17-8-2020": 17286.361328125, "18-8-2020": 28521.275390625, "19-8-2020": 21252.478515625, "20-8-2020": 16215.90234375, "21-8-2020": 12185.0908203125, "22-8-2020": 9848.5400390625, "23-8-2020": 14764.5361328125, "24-8-2020": 17218.486328125, "25-8-2020": 10268.2294921875, "26-8-2020": 8648.681640625, "27-8-2020": 4250.64306640625, "28-8-2020": 9049.390625, "29-8-2020": 16911.64453125, "30-8-2020": 6071.84423828125, "31-8-2020": 11449.357421875, "1-9-2020": 731.8788452148438, "2-9-2020": 2149.9228515625, "3-9-2020": 6565.5927734375, "4-9-2020": 2881.56982421875, "5-9-2020": 3778.86865234375, "6-9-2020": 4411.34619140625, "7-9-2020": 3586.576171875, "8-9-2020": 4022.13525390625, "9-9-2020": 5865.51611328125, "10-9-2020": 5321.5517578125, "11-9-2020": 3766.78076171875, "12-9-2020": 4773.875, "13-9-2020": 4854.62548828125, "14-9-2020": 2976.86376953125, "15-9-2020": 3168.251953125, "16-9-2020": 3321.570068359375, "17-9-2020": 1054.629638671875, "18-9-2020": 1197.66943359375, "19-9-2020": 4049.093017578125, "20-9-2020": 5434.25927734375, "21-9-2020": 5967.8740234375, "22-9-2020": 11259.9521484375, "23-9-2020": 5527.12158203125, "24-9-2020": 4769.41845703125, "25-9-2020": 1980.9404296875, "26-9-2020": 4941.107421875, "27-9-2020": 4445.994140625, "28-9-2020": 6823.55029296875, "29-9-2020": 5609.09521484375, "30-9-2020": 3076.22998046875, "1-10-2020": 1112.333984375, "2-10-2020": 5313.92822265625, "3-10-2020": 5191.7685546875, "4-10-2020": 3325.356201171875, "5-10-2020": 4255.03955078125, "6-10-2020": 5086.18359375, "7-10-2020": 5205.2578125, "8-10-2020": 6746.46826171875, "9-10-2020": 3836.268798828125, "10-10-2020": 3487.32373046875, "11-10-2020": 5406.6328125, "12-10-2020": 4338.826171875, "13-10-2020": 3934.027587890625, "14-10-2020": 4832.94677734375, "15-10-2020": 3751.324462890625, "16-10-2020": 4340.01171875, "17-10-2020": 5148.2900390625, "18-10-2020": 4539.21533203125, "19-10-2020": 5346.34765625, "20-10-2020": 4213.31494140625, "21-10-2020": 3855.328369140625, "22-10-2020": 3153.16064453125, "23-10-2020": 3801.786865234375, "24-10-2020": 4046.460693359375, "25-10-2020": 1910.1533203125,