{"1-1-2014": 1341.49951171875, "2-1-2014": 1073.291259765625, "3-1-2014": 1189.5670166015625, "4-1-2014": 1233.2578125, "5-1-2014": 877.0542602539062, "6-1-2014": 719.9336547851562, "7-1-2014": 805.3927612304688, "8-1-2014": 867.0761108398438, "9-1-2014": 861.3259887695312, "10-1-2014": 941.3993530273438, "11-1-2014": 909.2074584960938, "12-1-2014": 1058.1220703125, "13-1-2014": 858.5014038085938, "14-1-2014": 743.9674682617188, "15-1-2014": 738.4104614257812, "16-1-2014": 470.2769470214844, "17-1-2014": 550.5350952148438, "18-1-2014": 814.5161743164062, "19-1-2014": 586.1987915039062, "20-1-2014": 863.8181762695312, "21-1-2014": 795.2808227539062, "22-1-2014": 544.4251098632812, "23-1-2014": 701.1596069335938, "24-1-2014": 572.9359741210938, "25-1-2014": 671.6417846679688, "26-1-2014": 817.5023803710938, "27-1-2014": 443.4197692871094, "28-1-2014": 314.2559509277344, "29-1-2014": 276.3240661621094, "30-1-2014": 0.0, "31-1-2014": 283.7627868652344, "1-2-2014": 0.0, "2-2-2014": 0.0, "3-2-2014": 0.0, "4-2-2014": 0.0, "5-2-2014": 0.0, "6-2-2014": 0.0, "7-2-2014": 0.0, "8-2-2014": 0.0, "9-2-2014": 0.0, "10-2-2014": 0.0, "11-2-2014": 0.0, "12-2-2014": 0.0, "13-2-2014": 0.0, "14-2-2014": 0.0, "15-2-2014": 0.0, "16-2-2014": 0.0, "17-2-2014": 0.0, "18-2-2014": 0.0, "19-2-2014": 0.0, "20-2-2014": 0.0, "21-2-2014": 0.0, "22-2-2014": 0.0, "23-2-2014": 0.0, "24-2-2014": 0.0, "25-2-2014": 0.0, "26-2-2014": 0.0, "27-2-2014": 0.0, "28-2-2014": 0.0, "1-3-2014": 0.0, "2-3-2014": 0.0, "3-3-2014": 0.0, "4-3-2014": 0.0, "5-3-2014": 0.0, "6-3-2014": 0.0, "7-3-2014": 0.0, "8-3-2014": 0.0, "9-3-2014": 0.0, "10-3-2014": 0.0, "11-3-2014": 0.0, "12-3-2014": 0.0, "13-3-2014": 0.0, "14-3-2014": 0.0, "15-3-2014": 0.0, "16-3-2014": 0.0, "17-3-2014": 0.0, "18-3-2014": 0.0, "19-3-2014": 0.0, "20-3-2014": 0.0, "21-3-2014": 0.0, "22-3-2014": 0.0, "23-3-2014": 0.0, "24-3-2014": 0.0, "25-3-2014": 0.0, "26-3-2014": 0.0, "27-3-2014": 0.0, "28-3-2014": 0.0, "29-3-2014": 0.0, "30-3-2014": 0.0, "31-3-2014": 0.0, "1-4-2014": 0.0, "2-4-2014": 0.0, "3-4-2014": 0.0, "4-4-2014": 0.0, "5-4-2014": 0.0, "6-4-2014": 0.0, "7-4-2014": 0.0, "8-4-2014": 0.0, "9-4-2014": 0.0, "10-4-2014": 0.0, "11-4-2014": 0.0, "12-4-2014": 0.0, "13-4-2014": 0.0, "14-4-2014": 0.0, "15-4-2014": 0.0, "16-4-2014": 0.0, "17-4-2014": 0.0, "18-4-2014": 0.0, "19-4-2014": 0.0, "20-4-2014": 0.0, "21-4-2014": 0.0, "22-4-2014": 0.0, "23-4-2014": 0.0, "24-4-2014": 0.0, "25-4-2014": 0.0, "26-4-2014": 0.0, "27-4-2014": 0.0, "28-4-2014": 0.0, "29-4-2014": 0.0, "30-4-2014": 0.0, "1-5-2014": 0.0, "2-5-2014": 0.0, "3-5-2014": 0.0, "4-5-2014": 0.0, "5-5-2014": 0.0, "6-5-2014": 0.0, "7-5-2014": 0.0, "8-5-2014": 0.0, "9-5-2014": 0.0, "10-5-2014": 0.0, "11-5-2014": 0.0, "12-5-2014": 0.0, "13-5-2014": 0.0, "14-5-2014": 0.0, "15-5-2014": 0.0, "16-5-2014": 0.0, "17-5-2014": 0.0, "18-5-2014": 0.0, "19-5-2014": 0.0, "20-5-2014": 0.0, "21-5-2014": 0.0, "22-5-2014": 0.0, "23-5-2014": 0.0, "24-5-2014": 0.0, "25-5-2014": 0.0, "26-5-2014": 0.0, "27-5-2014": 0.0, "28-5-2014": 0.0, "29-5-2014": 0.0, "30-5-2014": 0.0, "31-5-2014": 0.0, "1-6-2014": 0.0, "2-6-2014": 0.0, "3-6-2014": 0.0, "4-6-2014": 0.0, "5-6-2014": 0.0, "6-6-2014": 0.0, "7-6-2014": 0.0, "8-6-2014": 0.0, "9-6-2014": 0.0, "10-6-2014": 0.0, "11-6-2014": 0.0, "12-6-2014": 0.0, "13-6-2014": 0.0, "14-6-2014": 225.33847045898438, "15-6-2014": 425.0117492675781, "16-6-2014": 16.14254379272461, "17-6-2014": 0.0, "18-6-2014": 1788.658447265625, "19-6-2014": 1594.8294677734375, "20-6-2014": 1848.617431640625, "21-6-2014": 3722.463623046875, "22-6-2014": 7236.91552734375, "23-6-2014": 7157.52294921875, "24-6-2014": 6373.89501953125, "25-6-2014": 5188.294921875, "26-6-2014": 4136.25048828125, "27-6-2014": 2754.26025390625, "28-6-2014": 2564.0341796875, "29-6-2014": 4435.36376953125, "30-6-2014": 6572.12158203125, "1-7-2014": 2315.7666015625, "2-7-2014": 3331.036376953125, "3-7-2014": 3122.8544921875, "4-7-2014": 3584.988525390625, "5-7-2014": 7002.875, "6-7-2014": 4281.578125, "7-7-2014": 5272.3115234375, "8-7-2014": 8904.1865234375, "9-7-2014": 1633.0340576171875, "10-7-2014": 2133.75146484375, "11-7-2014": 1511.4564208984375, "12-7-2014": 2286.5078125, "13-7-2014": 2248.133056640625, "14-7-2014": 1782.071044921875, "15-7-2014": 1011.543701171875, "16-7-2014": 26812.76171875, "17-7-2014": 29693.466796875, "18-7-2014": 30982.087890625, "19-7-2014": 28878.892578125, "20-7-2014": 27202.373046875, "21-7-2014": 26372.962890625, "22-7-2014": 28491.369140625, "23-7-2014": 34990.1015625, "24-7-2014": 33485.52734375, "25-7-2014": 38256.9765625, "26-7-2014": 35905.7265625, "27-7-2014": 31254.662109375, "28-7-2014": 22061.658203125, "29-7-2014": 21055.322265625, "30-7-2014": 13258.1142578125, "31-7-2014": 13582.50390625, "1-8-2014": 21996.908203125, "2-8-2014": 33784.40625, "3-8-2014": 45195.79296875, "4-8-2014": 40337.0078125, "5-8-2014": 54520.4140625, "6-8-2014": 52786.5, "7-8-2014": 43582.265625, "8-8-2014": 28938.787109375, "9-8-2014": 26015.748046875, "10-8-2014": 24202.4765625, "11-8-2014": 15351.80078125, "12-8-2014": 14957.45703125, "13-8-2014": 13657.2001953125, "14-8-2014": 13780.3779296875, "15-8-2014": 13680.1240234375, "16-8-2014": 9685.51171875, "17-8-2014": 7250.61572265625, "18-8-2014": 4721.86083984375, "19-8-2014": 5714.99755859375, "20-8-2014": 4796.68994140625, "21-8-2014": 4292.07470703125, "22-8-2014": 4683.27197265625, "23-8-2014": 5827.236328125, "24-8-2014": 5554.14013671875, "25-8-2014": 5513.56689453125, "26-8-2014": 5446.0751953125, "27-8-2014": 4063.75634765625, "28-8-2014": 4225.46484375, "29-8-2014": 4476.5244140625, "30-8-2014": 3739.1953125, "31-8-2014": 4525.67041015625, "1-9-2014": 14015.5224609375, "2-9-2014": 18302.005859375, "3-9-2014": 18841.220703125, "4-9-2014": 17517.033203125, "5-9-2014": 12431.248046875, "6-9-2014": 9635.9736328125, "7-9-2014": 9273.5341796875, "8-9-2014": 7810.18212890625, "9-9-2014": 11931.67578125, "10-9-2014": 12334.6103515625, "11-9-2014": 10583.6865234375, "12-9-2014": 6299.79345703125, "13-9-2014": 6393.30712890625, "14-9-2014": 5927.08740234375, "15-9-2014": 5008.34912109375, "16-9-2014": 4986.78271484375, "17-9-2014": 4246.09033203125, "18-9-2014": 3953.9384765625, "19-9-2014": 5257.10498046875, "20-9-2014": 5939.7021484375, "21-9-2014": 7304.72802734375, "22-9-2014": 7346.83203125, "23-9-2014": 6107.7041015625, "24-9-2014": 4735.74755859375, "25-9-2014": 7891.75634765625, "26-9-2014": 10336.1962890625, "27-9-2014": 12632.9033203125, "28-9-2014": 14470.583984375, "29-9-2014": 13223.1123046875, "30-9-2014": 8664.5283203125, "1-10-2014": 10917.9892578125, "2-10-2014": 10424.0498046875, "3-10-2014": 6802.73388671875, "4-10-2014": 6112.95654296875, "5-10-2014": 6890.98388671875, "6-10-2014": 0.0, "7-10-2014": 0.0, "8-10-2014": 7791.88916015625, "9-10-2014": 4507.6767578125, "10-10-2014": 6551.55078125, "11-10-2014": 11568.0771484375, "12-10-2014": 12245.5673828125, "13-10-2014": 11492.853515625, "14-10-2014": 7429.79833984375, "15-10-2014": 5330.44775390625, "16-10-2014": 4553.86474609375, "17-10-2014": 2397.765625, "18-10-2014": 3524.475830078125, "19-10-2014": 4465.91357421875, "20-10-2014": 4426.53466796875, "21-10-2014": 4138.75732421875, "22-10-2014": 4153.18212890625, "23-10-2014": 4137.01123046875, "24-10-2014": 2859.4052734375, "25-10-2014": 3301.93017578125, "26-10-2014": 5476.958984375, "27-10-2014": 6188.71240234375, "28-10-2014": 7268.86279296875, "29-10-2014": 4808.42919921875, "30-10-2014": 3848.9892578125, "31-10-2014": 3534.98828125, "1-11-2014": 2918.791748046875, "2-11-2014": 2755.658447265625, "3-11-2014": 2724.76025390625, "4-11-2014": 2640.578857421875, "5-11-2014": 2327.27587890625, "6-11-2014": 2378.6396484375, "7-11-2014": 2265.4677734375, "8-11-2014": 1860.0943603515625, "9-11-2014": 1847.5367431640625, "10-11-2014": 1913.1114501953125, "11-11-2014": 1950.4737548828125, "12-11-2014": 1939.456787109375, "13-11-2014": 1937.3876953125, "14-11-2014": 1750.9195556640625, "15-11-2014": 2015.4827880859375,