{"1-1-2019": 0.0, "2-1-2019": 0.0, "3-1-2019": 0.0, "4-1-2019": 0.0, "5-1-2019": 0.0, "6-1-2019": 0.0, "7-1-2019": 0.0, "8-1-2019": 0.0, "9-1-2019": 0.0, "10-1-2019": 0.0, "11-1-2019": 0.0, "12-1-2019": 0.0, "13-1-2019": 0.0, "14-1-2019": 0.0, "15-1-2019": 0.0, "16-1-2019": 0.0, "17-1-2019": 0.0, "18-1-2019": 0.0, "19-1-2019": 0.0, "20-1-2019": 0.0, "21-1-2019": 0.0, "22-1-2019": 0.0, "23-1-2019": 0.0, "24-1-2019": 0.0, "25-1-2019": 0.0, "26-1-2019": 0.0, "27-1-2019": 0.0, "28-1-2019": 0.0, "29-1-2019": 0.0, "30-1-2019": 0.0, "31-1-2019": 0.0, "1-2-2019": 0.0, "2-2-2019": 0.0, "3-2-2019": 0.0, "4-2-2019": 0.0, "5-2-2019": 0.0, "6-2-2019": 0.0, "7-2-2019": 0.0, "8-2-2019": 0.0, "9-2-2019": 0.0, "10-2-2019": 0.0, "11-2-2019": 0.0, "12-2-2019": 0.0, "13-2-2019": 0.0, "14-2-2019": 0.0, "15-2-2019": 0.0, "16-2-2019": 0.0, "17-2-2019": 0.0, "18-2-2019": 0.0, "19-2-2019": 0.0, "20-2-2019": 0.0, "21-2-2019": 0.0, "22-2-2019": 0.0, "23-2-2019": 0.0, "24-2-2019": 0.0, "25-2-2019": 0.0, "26-2-2019": 514.7136840820312, "27-2-2019": 1960.3939208984375, "28-2-2019": 1038.500732421875, "1-3-2019": 0.0, "2-3-2019": 0.0, "3-3-2019": 0.0, "4-3-2019": 0.0, "5-3-2019": 0.0, "6-3-2019": 0.0, "7-3-2019": 0.0, "8-3-2019": 0.0, "9-3-2019": 0.0, "10-3-2019": 0.0, "11-3-2019": 0.0, "12-3-2019": 0.0, "13-3-2019": 0.0, "14-3-2019": 0.0, "15-3-2019": 0.0, "16-3-2019": 0.0, "17-3-2019": 0.0, "18-3-2019": 0.0, "19-3-2019": 0.0, "20-3-2019": 0.0, "21-3-2019": 0.0, "22-3-2019": 0.0, "23-3-2019": 0.0, "24-3-2019": 0.0, "25-3-2019": 0.0, "26-3-2019": 0.0, "27-3-2019": 0.0, "28-3-2019": 0.0, "29-3-2019": 0.0, "30-3-2019": 0.0, "31-3-2019": 0.0, "1-4-2019": 0.0, "2-4-2019": 0.0, "3-4-2019": 0.0, "4-4-2019": 0.0, "5-4-2019": 0.0, "6-4-2019": 0.0, "7-4-2019": 0.0, "8-4-2019": 0.0, "9-4-2019": 0.0, "10-4-2019": 0.0, "11-4-2019": 0.0, "12-4-2019": 0.0, "13-4-2019": 0.0, "14-4-2019": 0.0, "15-4-2019": 0.0, "16-4-2019": 0.0, "17-4-2019": 0.0, "18-4-2019": 0.0, "19-4-2019": 0.0, "20-4-2019": 0.0, "21-4-2019": 0.0, "22-4-2019": 0.0, "23-4-2019": 0.0, "24-4-2019": 0.0, "25-4-2019": 0.0, "26-4-2019": 0.0, "27-4-2019": 0.0, "28-4-2019": 0.0, "29-4-2019": 0.0, "30-4-2019": 0.0, "1-5-2019": 0.0, "2-5-2019": 0.0, "3-5-2019": 0.0, "4-5-2019": 0.0, "5-5-2019": 0.0, "6-5-2019": 0.0, "7-5-2019": 0.0, "8-5-2019": 0.0, "9-5-2019": 0.0, "10-5-2019": 0.0, "11-5-2019": 0.0, "12-5-2019": 0.0, "13-5-2019": 0.0, "14-5-2019": 0.0, "15-5-2019": 0.0, "16-5-2019": 0.0, "17-5-2019": 0.0, "18-5-2019": 0.0, "19-5-2019": 0.0, "20-5-2019": 0.0, "21-5-2019": 0.0, "22-5-2019": 0.0, "23-5-2019": 0.0, "24-5-2019": 0.0, "25-5-2019": 0.0, "26-5-2019": 0.0, "27-5-2019": 0.0, "28-5-2019": 0.0, "29-5-2019": 0.0, "30-5-2019": 0.0, "31-5-2019": 0.0, "1-6-2019": 983.9818725585938, "2-6-2019": 1817.7109375, "3-6-2019": 1603.2459716796875, "4-6-2019": 1483.3046875, "5-6-2019": 1288.8360595703125, "6-6-2019": 1179.95068359375, "7-6-2019": 1650.6986083984375, "8-6-2019": 1465.4144287109375, "9-6-2019": 1812.6953125, "10-6-2019": 1571.573486328125, "11-6-2019": 4071.84326171875, "12-6-2019": 8752.6435546875, "13-6-2019": 11343.451171875, "14-6-2019": 13414.8447265625, "15-6-2019": 12764.8125, "16-6-2019": 13605.513671875, "17-6-2019": 12865.5478515625, "18-6-2019": 4371.87744140625, "19-6-2019": 4177.50537109375, "20-6-2019": 4138.619140625, "21-6-2019": 4185.86181640625, "22-6-2019": 5323.52392578125, "23-6-2019": 4369.94873046875, "24-6-2019": 3430.74072265625, "25-6-2019": 3044.333740234375, "26-6-2019": 2761.722412109375, "27-6-2019": 2109.406005859375, "28-6-2019": 2413.601318359375, "29-6-2019": 5915.40234375, "30-6-2019": 8265.4892578125, "1-7-2019": 1164.7110595703125, "2-7-2019": 1901.236572265625, "3-7-2019": 1719.863525390625, "4-7-2019": 3079.6748046875, "5-7-2019": 4129.3447265625, "6-7-2019": 4136.96435546875, "7-7-2019": 5247.7666015625, "8-7-2019": 9780.4638671875, "9-7-2019": 3287.0732421875, "10-7-2019": 4255.5029296875, "11-7-2019": 3773.4619140625, "12-7-2019": 5021.15380859375, "13-7-2019": 4927.79443359375, "14-7-2019": 4366.23681640625, "15-7-2019": 3356.3720703125, "16-7-2019": 2707.3125, "17-7-2019": 2783.28857421875, "18-7-2019": 3777.494140625, "19-7-2019": 4238.7646484375, "20-7-2019": 5962.18896484375, "21-7-2019": 7409.60986328125, "22-7-2019": 6556.90869140625, "23-7-2019": 7025.87451171875, "24-7-2019": 7592.80224609375, "25-7-2019": 8286.2109375, "26-7-2019": 7015.36474609375, "27-7-2019": 5487.0390625, "28-7-2019": 4071.1103515625, "29-7-2019": 2960.63720703125, "30-7-2019": 4012.2001953125, "31-7-2019": 4442.77490234375, "1-8-2019": 8166.85498046875, "2-8-2019": 6899.72021484375, "3-8-2019": 6576.1591796875, "4-8-2019": 6143.31298828125, "5-8-2019": 6695.60693359375, "6-8-2019": 10245.7392578125, "7-8-2019": 23916.861328125, "8-8-2019": 34693.3828125, "9-8-2019": 21183.001953125, "10-8-2019": 16128.8662109375, "11-8-2019": 9691.5673828125, "12-8-2019": 9277.0380859375, "13-8-2019": 9161.822265625, "14-8-2019": 52986.83984375, "15-8-2019": 20763.537109375, "16-8-2019": 19504.376953125, "17-8-2019": 23778.20703125, "18-8-2019": 26371.611328125, "19-8-2019": 18584.232421875, "20-8-2019": 8401.55078125, "21-8-2019": 7267.7744140625, "22-8-2019": 8020.01220703125, "23-8-2019": 8276.052734375, "24-8-2019": 8165.01708984375, "25-8-2019": 8046.21044921875, "26-8-2019": 8141.64111328125, "27-8-2019": 8078.2099609375, "28-8-2019": 8816.9013671875, "29-8-2019": 8864.9970703125, "30-8-2019": 8669.4599609375, "31-8-2019": 9280.7236328125, "1-9-2019": 9898.4599609375, "2-9-2019": 10167.1435546875, "3-9-2019": 10495.416015625, "4-9-2019": 11072.1572265625, "5-9-2019": 18360.48828125, "6-9-2019": 49681.5703125, "7-9-2019": 35441.984375, "8-9-2019": 45208.2109375, "9-9-2019": 49450.078125, "10-9-2019": 49186.7890625, "11-9-2019": 43289.625, "12-9-2019": 21025.435546875, "13-9-2019": 14592.3466796875, "14-9-2019": 14289.8427734375, "15-9-2019": 13478.6103515625, "16-9-2019": 13818.6494140625, "17-9-2019": 8942.2412109375, "18-9-2019": 8989.1220703125, "19-9-2019": 8838.7939453125, "20-9-2019": 9344.7578125, "21-9-2019": 9655.9697265625, "22-9-2019": 9378.7431640625, "23-9-2019": 9072.10546875, "24-9-2019": 9313.6591796875, "25-9-2019": 11892.1513671875, "26-9-2019": 13497.9951171875, "27-9-2019": 11348.15625, "28-9-2019": 9041.9111328125, "29-9-2019": 8749.7021484375, "30-9-2019": 7620.58349609375, "1-10-2019": 6585.38720703125, "2-10-2019": 5561.84033203125, "3-10-2019": 5482.58935546875, "4-10-2019": 4609.52978515625, "5-10-2019": 5181.18359375, "6-10-2019": 4391.52490234375, "7-10-2019": 4340.4423828125, "8-10-2019": 3520.9521484375, "9-10-2019": 5169.02392578125, "10-10-2019": 7385.71142578125, "11-10-2019": 4656.78271484375, "12-10-2019": 3392.247802734375, "13-10-2019": 3817.5986328125, "14-10-2019": 4255.24365234375, "15-10-2019": 4561.83984375, "16-10-2019": 8243.1708984375, "17-10-2019": 29184.697265625, "18-10-2019": 17362.896484375, "19-10-2019": 8352.568359375, "20-10-2019": 8324.54296875, "21-10-2019": 8001.2685546875, "22-10-2019": 7111.24267578125, "23-10-2019": 20354.275390625, "24-10-2019": 26418.7890625, "25-10-2019": 10342.802734375, "26-10-2019": 6940.63232421875, "27-10-2019": 10134.85546875, "28-10-2019": 14100.6044921875, "29-10-2019": 14293.3125, "30-10-2019": 9423.0224609375, "31-10-2019": 7960.77001953125, "1-11-2019": 7819.0009765625, "2-11-2019": 7300.3017578125, "3-11-2019": 7782.54638671875, "4-11-2019": 7674.20556640625, "5-11-2019": 7450.91845703125, "6-11-2019": 7756.50634765625, "7-11-2019": 5680.07177734375, "8-11-2019": 5599.80615234375, "9-11-2019": 5695.03466796875, "10-11-2019": 10816.3671875, "11-11-2019": 10660.4052734375, "12-11-2019": 5572.14501953125, "13-11-2019": 5625.2548828125, "14-11-2019": 5695.21044921875, "15-11-2019": 5863.00830078125, "16-11-2019": 5832.52392578125, "17-11-2019": 5816.98291015625, "18-11-2019": 5456.771484375, "19-11-2019": 5459.50341796875, "20-11-2019": 4440.46240234375, "21-11-2019": 3922.93701171875, "22-11-2019": 3517.00341796875,