{"1-1-2013": 3359.77099609375, "2-1-2013": 2851.570556640625, "3-1-2013": 2226.232666015625, "4-1-2013": 1946.62744140625, "5-1-2013": 1566.6943359375, "6-1-2013": 606.8229370117188, "7-1-2013": 1197.790771484375, "8-1-2013": 1269.8575439453125, "9-1-2013": 1105.036376953125, "10-1-2013": 1125.624267578125, "11-1-2013": 1250.95458984375, "12-1-2013": 1528.784423828125, "13-1-2013": 1061.36767578125, "14-1-2013": 821.5047607421875, "15-1-2013": 823.4301147460938, "16-1-2013": 932.2716064453125, "17-1-2013": 1264.419677734375, "18-1-2013": 1873.355224609375, "19-1-2013": 1421.136962890625, "20-1-2013": 1538.9249267578125, "21-1-2013": 1599.2296142578125, "22-1-2013": 963.6875610351562, "23-1-2013": 19.20162582397461, "24-1-2013": 149.38558959960938, "25-1-2013": 534.6592407226562, "26-1-2013": 93.52340698242188, "27-1-2013": 44.44796371459961, "28-1-2013": 551.5056762695312, "29-1-2013": 11.88253402709961, "30-1-2013": 141.31472778320312, "31-1-2013": 969.8220825195312, "1-2-2013": 0.0, "2-2-2013": 0.0, "3-2-2013": 0.0, "4-2-2013": 0.0, "5-2-2013": 0.0, "6-2-2013": 0.0, "7-2-2013": 0.0, "8-2-2013": 0.0, "9-2-2013": 0.0, "10-2-2013": 0.0, "11-2-2013": 0.0, "12-2-2013": 0.0, "13-2-2013": 0.0, "14-2-2013": 0.0, "15-2-2013": 0.0, "16-2-2013": 0.0, "17-2-2013": 0.0, "18-2-2013": 0.0, "19-2-2013": 0.0, "20-2-2013": 0.0, "21-2-2013": 0.0, "22-2-2013": 0.0, "23-2-2013": 0.0, "24-2-2013": 0.0, "25-2-2013": 0.0, "26-2-2013": 0.0, "27-2-2013": 0.0, "28-2-2013": 0.0, "1-3-2013": 940.2484741210938, "2-3-2013": 0.0, "3-3-2013": 25.39937973022461, "4-3-2013": 0.0, "5-3-2013": 0.0, "6-3-2013": 0.0, "7-3-2013": 521.0324096679688, "8-3-2013": 0.0, "9-3-2013": 0.0, "10-3-2013": 0.0, "11-3-2013": 134.78952026367188, "12-3-2013": 0.0, "13-3-2013": 0.0, "14-3-2013": 0.0, "15-3-2013": 0.0, "16-3-2013": 85.63864135742188, "17-3-2013": 0.0, "18-3-2013": 0.0, "19-3-2013": 0.0, "20-3-2013": 318.1435241699219, "21-3-2013": 0.0, "22-3-2013": 0.0, "23-3-2013": 0.0, "24-3-2013": 0.0, "25-3-2013": 0.0, "26-3-2013": 0.0, "27-3-2013": 0.0, "28-3-2013": 0.0, "29-3-2013": 0.0, "30-3-2013": 0.0, "31-3-2013": 0.0, "1-4-2013": 2209.088134765625, "2-4-2013": 0.0, "3-4-2013": 0.0, "4-4-2013": 0.0, "5-4-2013": 3643.359375, "6-4-2013": 2277.664794921875, "7-4-2013": 0.0, "8-4-2013": 880.1875610351562, "9-4-2013": 0.0, "10-4-2013": 2012.0216064453125, "11-4-2013": 1174.7431640625, "12-4-2013": 1735.11865234375, "13-4-2013": 0.0, "14-4-2013": 0.0, "15-4-2013": 2852.37451171875, "16-4-2013": 0.0, "17-4-2013": 0.0, "18-4-2013": 153.22946166992188, "19-4-2013": 175.62203979492188, "20-4-2013": 2271.06640625, "21-4-2013": 0.0, "22-4-2013": 0.0, "23-4-2013": 0.0, "24-4-2013": 0.0, "25-4-2013": 0.0, "26-4-2013": 2227.193359375, "27-4-2013": 0.0, "28-4-2013": 0.0, "29-4-2013": 3256.12890625, "30-4-2013": 2638.237548828125, "1-5-2013": 0.0, "2-5-2013": 0.0, "3-5-2013": 0.0, "4-5-2013": 0.0, "5-5-2013": 0.0, "6-5-2013": 0.0, "7-5-2013": 0.0, "8-5-2013": 0.0, "9-5-2013": 0.0, "10-5-2013": 0.0, "11-5-2013": 0.0, "12-5-2013": 0.0, "13-5-2013": 0.0, "14-5-2013": 0.0, "15-5-2013": 0.0, "16-5-2013": 0.0, "17-5-2013": 0.0, "18-5-2013": 0.0, "19-5-2013": 0.0, "20-5-2013": 0.0, "21-5-2013": 0.0, "22-5-2013": 0.0, "23-5-2013": 0.0, "24-5-2013": 0.0, "25-5-2013": 0.0, "26-5-2013": 0.0, "27-5-2013": 0.0, "28-5-2013": 0.0, "29-5-2013": 0.0, "30-5-2013": 0.0, "31-5-2013": 0.0, "1-6-2013": 0.0, "2-6-2013": 0.0, "3-6-2013": 0.0, "4-6-2013": 0.0, "5-6-2013": 0.0, "6-6-2013": 0.0, "7-6-2013": 0.0, "8-6-2013": 1126.072021484375, "9-6-2013": 701.3595581054688, "10-6-2013": 343.064453125, "11-6-2013": 0.0, "12-6-2013": 0.0, "13-6-2013": 0.0, "14-6-2013": 2307.42041015625, "15-6-2013": 3090.0087890625, "16-6-2013": 2664.31982421875, "17-6-2013": 3871.902587890625, "18-6-2013": 11822.4609375, "19-6-2013": 11498.7294921875, "20-6-2013": 12269.3095703125, "21-6-2013": 8191.27197265625, "22-6-2013": 7788.31494140625, "23-6-2013": 5770.677734375, "24-6-2013": 4182.24365234375, "25-6-2013": 4335.8720703125, "26-6-2013": 5014.0751953125, "27-6-2013": 10323.5966796875, "28-6-2013": 13268.9462890625, "29-6-2013": 10208.1708984375, "30-6-2013": 6273.44873046875, "1-7-2013": 5525.9736328125, "2-7-2013": 4347.24560546875, "3-7-2013": 5097.99462890625, "4-7-2013": 14355.943359375, "5-7-2013": 34114.859375, "6-7-2013": 48332.75, "7-7-2013": 41260.1484375, "8-7-2013": 31361.5703125, "9-7-2013": 19928.205078125, "10-7-2013": 13796.896484375, "11-7-2013": 11167.4912109375, "12-7-2013": 14794.5166015625, "13-7-2013": 17072.021484375, "14-7-2013": 20635.146484375, "15-7-2013": 18486.12109375, "16-7-2013": 10574.4501953125, "17-7-2013": 9708.2216796875, "18-7-2013": 12250.162109375, "19-7-2013": 13320.21484375, "20-7-2013": 24385.990234375, "21-7-2013": 44377.2265625, "22-7-2013": 39619.8984375, "23-7-2013": 36919.0390625, "24-7-2013": 27885.423828125, "25-7-2013": 22458.029296875, "26-7-2013": 29029.626953125, "27-7-2013": 27563.220703125, "28-7-2013": 15488.9267578125, "29-7-2013": 11519.2880859375, "30-7-2013": 10123.16796875, "31-7-2013": 30641.994140625, "1-8-2013": 21136.494140625, "2-8-2013": 31292.466796875, "3-8-2013": 39537.40234375, "4-8-2013": 36968.94921875, "5-8-2013": 50295.57421875, "6-8-2013": 48597.15625, "7-8-2013": 41289.515625, "8-8-2013": 29564.916015625, "9-8-2013": 26501.224609375, "10-8-2013": 23598.080078125, "11-8-2013": 15290.5322265625, "12-8-2013": 14957.1220703125, "13-8-2013": 13800.7294921875, "14-8-2013": 13796.537109375, "15-8-2013": 13734.4931640625, "16-8-2013": 10540.7626953125, "17-8-2013": 7868.29541015625, "18-8-2013": 4804.43994140625, "19-8-2013": 5633.61181640625, "20-8-2013": 4772.29833984375, "21-8-2013": 4293.96240234375, "22-8-2013": 5037.12060546875, "23-8-2013": 6318.6435546875, "24-8-2013": 6067.36572265625, "25-8-2013": 5861.70849609375, "26-8-2013": 5758.36474609375, "27-8-2013": 4531.25390625, "28-8-2013": 4530.95458984375, "29-8-2013": 4664.9306640625, "30-8-2013": 3841.185791015625, "31-8-2013": 4669.37353515625, "1-9-2013": 1608.8326416015625, "2-9-2013": 1468.7041015625, "3-9-2013": 1779.752197265625, "4-9-2013": 1800.18994140625, "5-9-2013": 2781.22216796875, "6-9-2013": 5017.75634765625, "7-9-2013": 5854.22216796875, "8-9-2013": 5449.10546875, "9-9-2013": 9172.2021484375, "10-9-2013": 9974.1591796875, "11-9-2013": 7962.55908203125, "12-9-2013": 7185.119140625, "13-9-2013": 7442.92138671875, "14-9-2013": 6980.4775390625, "15-9-2013": 5638.25830078125, "16-9-2013": 5683.38427734375, "17-9-2013": 4862.65966796875, "18-9-2013": 5138.18115234375, "19-9-2013": 6479.56201171875, "20-9-2013": 7053.4521484375, "21-9-2013": 8102.18310546875, "22-9-2013": 9402.4228515625, "23-9-2013": 8048.4501953125, "24-9-2013": 6359.3984375, "25-9-2013": 4870.05419921875, "26-9-2013": 4735.39306640625, "27-9-2013": 5673.25634765625, "28-9-2013": 5318.5166015625, "29-9-2013": 4377.5546875, "30-9-2013": 4186.6259765625, "1-10-2013": 3017.6064453125, "2-10-2013": 3139.551025390625, "3-10-2013": 3017.114013671875, "4-10-2013": 2999.71240234375, "5-10-2013": 2760.2607421875, "6-10-2013": 2302.18212890625, "7-10-2013": 1938.2216796875, "8-10-2013": 2501.0400390625, "9-10-2013": 3193.24658203125, "10-10-2013": 3623.99169921875, "11-10-2013": 3727.63671875, "12-10-2013": 2507.99072265625, "13-10-2013": 2272.74169921875, "14-10-2013": 1588.3873291015625, "15-10-2013": 2061.732421875, "16-10-2013": 2748.96826171875, "17-10-2013": 2549.708740234375, "18-10-2013": 2897.443359375, "19-10-2013": 4647.01416015625, "20-10-2013": 5261.78857421875, "21-10-2013": 13080.2275390625, "22-10-2013": 9136.9794921875, "23-10-2013": 3558.1943359375, "24-10-2013": 3007.65185546875, "25-10-2013": 4084.6005859375, "26-10-2013": 4032.73681640625, "27-10-2013": 2486.6962890625, "28-10-2013": 2523.84326171875, "29-10-2013": 2055.015869140625, "30-10-2013": 1634.015625, "31-10-2013": 1865.08837890625, "1-11-2013": 4387.54638671875, "2-11-2013": 4867.54150390625, "3-11-2013": 6370.69873046875, "4-11-2013": 9913.2509765625,