{"1-1-2021": 1388.1236572265625, "2-1-2021": 1154.2740478515625, "3-1-2021": 1231.982421875, "4-1-2021": 1275.280029296875, "5-1-2021": 947.1478881835938, "6-1-2021": 752.4940795898438, "7-1-2021": 840.2771606445312, "8-1-2021": 902.0327758789062, "9-1-2021": 915.7632446289062, "10-1-2021": 977.6140747070312, "11-1-2021": 946.9688110351562, "12-1-2021": 1115.3427734375, "13-1-2021": 918.0986938476562, "14-1-2021": 775.2376098632812, "15-1-2021": 793.9739379882812, "16-1-2021": 511.9117126464844, "17-1-2021": 559.8756713867188, "18-1-2021": 867.4284057617188, "19-1-2021": 630.2245483398438, "20-1-2021": 915.3781127929688, "21-1-2021": 856.2720336914062, "22-1-2021": 587.1266479492188, "23-1-2021": 749.0551147460938, "24-1-2021": 630.4716186523438, "25-1-2021": 729.6401977539062, "26-1-2021": 850.8440551757812, "27-1-2021": 492.4165954589844, "28-1-2021": 344.2049255371094, "29-1-2021": 311.0522155761719, "30-1-2021": 0.0, "31-1-2021": 331.0689392089844, "1-2-2021": 0.0, "2-2-2021": 0.0, "3-2-2021": 0.0, "4-2-2021": 0.0, "5-2-2021": 0.0, "6-2-2021": 0.0, "7-2-2021": 0.0, "8-2-2021": 0.0, "9-2-2021": 0.0, "10-2-2021": 0.0, "11-2-2021": 0.0, "12-2-2021": 0.0, "13-2-2021": 0.0, "14-2-2021": 0.0, "15-2-2021": 0.0, "16-2-2021": 0.0, "17-2-2021": 0.0, "18-2-2021": 0.0, "19-2-2021": 0.0, "20-2-2021": 0.0, "21-2-2021": 0.0, "22-2-2021": 0.0, "23-2-2021": 0.0, "24-2-2021": 0.0, "25-2-2021": 0.0, "26-2-2021": 527.256103515625, "27-2-2021": 2521.6611328125, "28-2-2021": 1415.3656005859375, "1-3-2021": 0.0, "2-3-2021": 0.0, "3-3-2021": 0.0, "4-3-2021": 0.0, "5-3-2021": 0.0, "6-3-2021": 0.0, "7-3-2021": 0.0, "8-3-2021": 0.0, "9-3-2021": 0.0, "10-3-2021": 0.0, "11-3-2021": 0.0, "12-3-2021": 0.0, "13-3-2021": 0.0, "14-3-2021": 0.0, "15-3-2021": 0.0, "16-3-2021": 0.0, "17-3-2021": 0.0, "18-3-2021": 0.0, "19-3-2021": 0.0, "20-3-2021": 0.0, "21-3-2021": 0.0, "22-3-2021": 0.0, "23-3-2021": 0.0, "24-3-2021": 0.0, "25-3-2021": 0.0, "26-3-2021": 0.0, "27-3-2021": 0.0, "28-3-2021": 0.0, "29-3-2021": 0.0, "30-3-2021": 0.0, "31-3-2021": 0.0, "1-4-2021": 0.0, "2-4-2021": 0.0, "3-4-2021": 0.0, "4-4-2021": 0.0, "5-4-2021": 0.0, "6-4-2021": 0.0, "7-4-2021": 0.0, "8-4-2021": 0.0, "9-4-2021": 0.0, "10-4-2021": 0.0, "11-4-2021": 0.0, "12-4-2021": 0.0, "13-4-2021": 0.0, "14-4-2021": 0.0, "15-4-2021": 0.0, "16-4-2021": 0.0, "17-4-2021": 0.0, "18-4-2021": 0.0, "19-4-2021": 0.0, "20-4-2021": 0.0, "21-4-2021": 0.0, "22-4-2021": 0.0, "23-4-2021": 0.0, "24-4-2021": 0.0, "25-4-2021": 0.0, "26-4-2021": 0.0, "27-4-2021": 0.0, "28-4-2021": 0.0, "29-4-2021": 0.0, "30-4-2021": 0.0, "1-5-2021": 0.0, "2-5-2021": 0.0, "3-5-2021": 0.0, "4-5-2021": 0.0, "5-5-2021": 0.0, "6-5-2021": 0.0, "7-5-2021": 0.0, "8-5-2021": 0.0, "9-5-2021": 0.0, "10-5-2021": 0.0, "11-5-2021": 0.0, "12-5-2021": 0.0, "13-5-2021": 0.0, "14-5-2021": 0.0, "15-5-2021": 0.0, "16-5-2021": 0.0, "17-5-2021": 0.0, "18-5-2021": 0.0, "19-5-2021": 0.0, "20-5-2021": 0.0, "21-5-2021": 0.0, "22-5-2021": 0.0, "23-5-2021": 0.0, "24-5-2021": 0.0, "25-5-2021": 0.0, "26-5-2021": 0.0, "27-5-2021": 0.0, "28-5-2021": 0.0, "29-5-2021": 0.0, "30-5-2021": 0.0, "31-5-2021": 0.0, "1-6-2021": 1774.06689453125, "2-6-2021": 2071.22509765625, "3-6-2021": 2203.852294921875, "4-6-2021": 2140.96728515625, "5-6-2021": 1460.48583984375, "6-6-2021": 1989.30078125, "7-6-2021": 479.3161315917969, "8-6-2021": 2692.0244140625, "9-6-2021": 3629.68212890625, "10-6-2021": 972.3021240234375, "11-6-2021": 0.0, "12-6-2021": 0.0, "13-6-2021": 0.0, "14-6-2021": 0.0, "15-6-2021": 0.0, "16-6-2021": 0.0, "17-6-2021": 0.0, "18-6-2021": 2579.91064453125, "19-6-2021": 2883.8974609375, "20-6-2021": 2540.14599609375, "21-6-2021": 3560.940673828125, "22-6-2021": 7470.34521484375, "23-6-2021": 6893.70263671875, "24-6-2021": 6619.0419921875, "25-6-2021": 6118.24658203125, "26-6-2021": 6561.27880859375, "27-6-2021": 6128.14013671875, "28-6-2021": 6908.24951171875, "29-6-2021": 5433.00634765625, "30-6-2021": 3202.961181640625, "1-7-2021": 1091.667724609375, "2-7-2021": 1740.038330078125, "3-7-2021": 1559.1923828125, "4-7-2021": 3067.470703125, "5-7-2021": 4118.58251953125, "6-7-2021": 4116.5615234375, "7-7-2021": 5217.87255859375, "8-7-2021": 9666.19921875, "9-7-2021": 3401.590087890625, "10-7-2021": 4438.28369140625, "11-7-2021": 4014.111083984375, "12-7-2021": 5180.91455078125, "13-7-2021": 5153.6806640625, "14-7-2021": 4615.79345703125, "15-7-2021": 3597.248291015625, "16-7-2021": 2517.12060546875, "17-7-2021": 2547.899169921875, "18-7-2021": 3416.0498046875, "19-7-2021": 3933.4560546875, "20-7-2021": 5929.34228515625, "21-7-2021": 7469.80615234375, "22-7-2021": 6648.431640625, "23-7-2021": 6882.65771484375, "24-7-2021": 7285.83447265625, "25-7-2021": 7123.89013671875, "26-7-2021": 6064.31005859375, "27-7-2021": 5321.08154296875, "28-7-2021": 3980.966796875, "29-7-2021": 2910.84716796875, "30-7-2021": 3891.20166015625, "31-7-2021": 4302.20166015625, "1-8-2021": 0.0, "2-8-2021": 0.0, "3-8-2021": 0.0, "4-8-2021": 0.0, "5-8-2021": 0.0, "6-8-2021": 0.0, "7-8-2021": 0.0, "8-8-2021": 0.0, "9-8-2021": 0.0, "10-8-2021": 0.0, "11-8-2021": 0.0, "12-8-2021": 0.0, "13-8-2021": 0.0, "14-8-2021": 6032.93212890625, "15-8-2021": 0.0, "16-8-2021": 0.0, "17-8-2021": 0.0, "18-8-2021": 0.0, "19-8-2021": 0.0, "20-8-2021": 0.0, "21-8-2021": 0.0, "22-8-2021": 0.0, "23-8-2021": 0.0, "24-8-2021": 0.0, "25-8-2021": 0.0, "26-8-2021": 0.0, "27-8-2021": 0.0, "28-8-2021": 0.0, "29-8-2021": 0.0, "30-8-2021": 0.0, "31-8-2021": 0.0, "1-9-2021": 8164.31884765625, "2-9-2021": 11008.84375, "3-9-2021": 14489.8876953125, "4-9-2021": 15747.5322265625, "5-9-2021": 18533.646484375, "6-9-2021": 18538.857421875, "7-9-2021": 13586.2646484375, "8-9-2021": 7955.8427734375, "9-9-2021": 6762.9677734375, "10-9-2021": 6186.39404296875, "11-9-2021": 5192.736328125, "12-9-2021": 5620.69482421875, "13-9-2021": 5957.5263671875, "14-9-2021": 5180.5263671875, "15-9-2021": 4235.9716796875, "16-9-2021": 4035.694091796875, "17-9-2021": 4691.04052734375, "18-9-2021": 2959.41845703125, "19-9-2021": 2601.244140625, "20-9-2021": 2450.118896484375, "21-9-2021": 2696.3291015625, "22-9-2021": 2471.456787109375, "23-9-2021": 2696.23388671875, "24-9-2021": 2235.89990234375, "25-9-2021": 1744.152099609375, "26-9-2021": 1805.10791015625, "27-9-2021": 1021.1024780273438, "28-9-2021": 0.0, "29-9-2021": 300.8188171386719, "30-9-2021": 746.5575561523438, "1-10-2021": 4531.40283203125, "2-10-2021": 5738.63525390625, "3-10-2021": 6106.44384765625, "4-10-2021": 5540.61865234375, "5-10-2021": 4613.20361328125, "6-10-2021": 9124.4248046875, "7-10-2021": 5922.50390625, "8-10-2021": 4653.10205078125, "9-10-2021": 4941.08935546875, "10-10-2021": 5597.44970703125, "11-10-2021": 5582.3720703125, "12-10-2021": 7882.50439453125, "13-10-2021": 9506.7177734375, "14-10-2021": 8556.1474609375, "15-10-2021": 9496.6123046875, "16-10-2021": 8749.896484375, "17-10-2021": 8390.40234375, "18-10-2021": 7130.94091796875, "19-10-2021": 5124.21435546875, "20-10-2021": 4589.08447265625, "21-10-2021": 5502.310546875, "22-10-2021": 5821.40478515625, "23-10-2021": 5267.37158203125, "24-10-2021": 5459.7216796875, "25-10-2021": 7546.45166015625, "26-10-2021": 7754.30224609375, "27-10-2021": 6449.49560546875, "28-10-2021": 4921.40087890625, "29-10-2021": 4430.880859375, "30-10-2021": 4280.94970703125, "31-10-2021": 4317.07861328125, "1-11-2021": 5825.46044921875, "2-11-2021": 6133.65673828125, "3-11-2021": 6335.36083984375, "4-11-2021": 6080.14990234375, "5-11-2021": 5370.13232421875, "6-11-2021": 5298.65380859375, "7-11-2021": 3086.527099609375, "8-11-2021": 4066.6083984375, "9-11-2021": 2613.858642578125, "10-11-2021": 8571.1318359375, "11-11-2021": 8963.54296875, "12-11-2021": 4650.8583984375, "13-11-2021": 4382.38330078125, "14-11-2021": 5180.25537109375, "15-11-2021": 4862.88232421875, "16-11-2021": 4999.29443359375, "17-11-2021": 4727.759765625, "18-11-2021": 4168.16064453125, "19-11-2021": 4092.646484375, "20-11-2021": 3677.47509765625, "21-11-2021": 3239.260498046875,