{"1-1-2013": 962.1931762695312, "2-1-2013": 962.1931762695312, "3-1-2013": 962.1931762695312, "4-1-2013": 962.1931762695312, "5-1-2013": 962.1931762695312, "6-1-2013": 962.1931762695312, "7-1-2013": 962.1931762695312, "8-1-2013": 962.1931762695312, "9-1-2013": 962.1931762695312, "10-1-2013": 962.1931762695312, "11-1-2013": 962.1931762695312, "12-1-2013": 962.1931762695312, "13-1-2013": 962.1931762695312, "14-1-2013": 962.1931762695312, "15-1-2013": 962.1931762695312, "16-1-2013": 962.1931762695312, "17-1-2013": 962.1931762695312, "18-1-2013": 962.1931762695312, "19-1-2013": 962.1931762695312, "20-1-2013": 962.1931762695312, "21-1-2013": 962.1931762695312, "22-1-2013": 962.1931762695312, "23-1-2013": 962.1931762695312, "24-1-2013": 962.1931762695312, "25-1-2013": 962.1931762695312, "26-1-2013": 962.1931762695312, "27-1-2013": 962.1931762695312, "28-1-2013": 962.1931762695312, "29-1-2013": 962.1931762695312, "30-1-2013": 962.1931762695312, "31-1-2013": 962.1931762695312, "1-2-2013": 446.42095947265625, "2-2-2013": 438.3536682128906, "3-2-2013": 406.90106201171875, "4-2-2013": 408.94403076171875, "5-2-2013": 448.45074462890625, "6-2-2013": 433.27508544921875, "7-2-2013": 501.76324462890625, "8-2-2013": 663.8238525390625, "9-2-2013": 441.83551025390625, "10-2-2013": 416.988525390625, "11-2-2013": 469.60528564453125, "12-2-2013": 404.38165283203125, "13-2-2013": 403.96234130859375, "14-2-2013": 372.9317626953125, "15-2-2013": 428.72381591796875, "16-2-2013": 472.23187255859375, "17-2-2013": 382.99798583984375, "18-2-2013": 425.60479736328125, "19-2-2013": 333.34832763671875, "20-2-2013": 561.9714965820312, "21-2-2013": 522.5314331054688, "22-2-2013": 295.0737609863281, "23-2-2013": 415.48516845703125, "24-2-2013": 78.0406494140625, "25-2-2013": 414.835693359375, "26-2-2013": 374.0133972167969, "27-2-2013": 0.0, "28-2-2013": 0.0, "1-3-2013": 0.0, "2-3-2013": 0.0, "3-3-2013": 0.0, "4-3-2013": 0.0, "5-3-2013": 0.0, "6-3-2013": 0.0, "7-3-2013": 0.0, "8-3-2013": 0.0, "9-3-2013": 0.0, "10-3-2013": 0.0, "11-3-2013": 0.0, "12-3-2013": 0.0, "13-3-2013": 0.0, "14-3-2013": 0.0, "15-3-2013": 0.0, "16-3-2013": 0.0, "17-3-2013": 0.0, "18-3-2013": 0.0, "19-3-2013": 0.0, "20-3-2013": 0.0, "21-3-2013": 0.0, "22-3-2013": 0.0, "23-3-2013": 0.0, "24-3-2013": 0.0, "25-3-2013": 0.0, "26-3-2013": 0.0, "27-3-2013": 0.0, "28-3-2013": 0.0, "29-3-2013": 0.0, "30-3-2013": 0.0, "31-3-2013": 0.0, "1-4-2013": 962.1931762695312, "2-4-2013": 0.0, "3-4-2013": 966.007568359375, "4-4-2013": 962.1931762695312, "5-4-2013": 273.7371826171875, "6-4-2013": 0.0, "7-4-2013": 593.7875366210938, "8-4-2013": 204.5883331298828, "9-4-2013": 311.1697082519531, "10-4-2013": 0.0, "11-4-2013": 962.1931762695312, "12-4-2013": 0.0, "13-4-2013": 83.62374877929688, "14-4-2013": 654.3618774414062, "15-4-2013": 960.3338012695312, "16-4-2013": 0.0, "17-4-2013": 1077.3858642578125, "18-4-2013": 0.0, "19-4-2013": 0.0, "20-4-2013": 0.0, "21-4-2013": 0.0, "22-4-2013": 0.0, "23-4-2013": 0.0, "24-4-2013": 419.4390869140625, "25-4-2013": 0.0, "26-4-2013": 0.0, "27-4-2013": 0.0, "28-4-2013": 0.0, "29-4-2013": 0.0, "30-4-2013": 0.0, "1-5-2013": 962.1931762695312, "2-5-2013": 962.1931762695312, "3-5-2013": 983.9510498046875, "4-5-2013": 962.1931762695312, "5-5-2013": 962.1931762695312, "6-5-2013": 962.1931762695312, "7-5-2013": 982.195068359375, "8-5-2013": 962.1931762695312, "9-5-2013": 962.1931762695312, "10-5-2013": 962.1931762695312, "11-5-2013": 962.1931762695312, "12-5-2013": 0.0, "13-5-2013": 986.2265014648438, "14-5-2013": 962.1931762695312, "15-5-2013": 872.5831909179688, "16-5-2013": 842.8380126953125, "17-5-2013": 962.1931762695312, "18-5-2013": 962.1931762695312, "19-5-2013": 962.1931762695312, "20-5-2013": 2231.11865234375, "21-5-2013": 0.0, "22-5-2013": 962.1931762695312, "23-5-2013": 849.9786987304688, "24-5-2013": 696.5571899414062, "25-5-2013": 962.1931762695312, "26-5-2013": 1430.443359375, "27-5-2013": 998.110595703125, "28-5-2013": 962.1931762695312, "29-5-2013": 962.1931762695312, "30-5-2013": 657.9437866210938, "31-5-2013": 962.1931762695312, "1-6-2013": 1495.341064453125, "2-6-2013": 1220.717041015625, "3-6-2013": 96.12249755859375, "4-6-2013": 1579.263671875, "5-6-2013": 586.3576049804688, "6-6-2013": 0.0, "7-6-2013": 845.4047241210938, "8-6-2013": 3010.686279296875, "9-6-2013": 1557.047607421875, "10-6-2013": 907.8505249023438, "11-6-2013": 2288.7890625, "12-6-2013": 1571.7451171875, "13-6-2013": 2784.192138671875, "14-6-2013": 4875.12255859375, "15-6-2013": 5771.60888671875, "16-6-2013": 5077.65087890625, "17-6-2013": 5007.43017578125, "18-6-2013": 6911.046875, "19-6-2013": 6301.40478515625, "20-6-2013": 10581.4052734375, "21-6-2013": 9050.9560546875, "22-6-2013": 7444.544921875, "23-6-2013": 6666.71826171875, "24-6-2013": 5697.80322265625, "25-6-2013": 5587.79052734375, "26-6-2013": 6842.76513671875, "27-6-2013": 12068.2236328125, "28-6-2013": 13019.5771484375, "29-6-2013": 12603.20703125, "30-6-2013": 7438.4140625, "1-7-2013": 2511.41064453125, "2-7-2013": 2581.875732421875, "3-7-2013": 1341.533203125, "4-7-2013": 8357.712890625, "5-7-2013": 16072.1513671875, "6-7-2013": 17665.173828125, "7-7-2013": 15150.515625, "8-7-2013": 10205.9853515625, "9-7-2013": 10717.767578125, "10-7-2013": 8087.75927734375, "11-7-2013": 5083.548828125, "12-7-2013": 9305.4130859375, "13-7-2013": 9437.6455078125, "14-7-2013": 6284.8662109375, "15-7-2013": 7066.19580078125, "16-7-2013": 5334.46728515625, "17-7-2013": 5179.82958984375, "18-7-2013": 7997.3408203125, "19-7-2013": 7431.10986328125, "20-7-2013": 15371.927734375, "21-7-2013": 30141.466796875, "22-7-2013": 33652.85546875, "23-7-2013": 31422.580078125, "24-7-2013": 20356.4921875, "25-7-2013": 14706.7509765625, "26-7-2013": 18914.861328125, "27-7-2013": 11774.3857421875, "28-7-2013": 5345.44482421875, "29-7-2013": 10738.0791015625, "30-7-2013": 11810.4189453125, "31-7-2013": 12873.4794921875, "1-8-2013": 13466.1591796875, "2-8-2013": 13210.3125, "3-8-2013": 15662.5478515625, "4-8-2013": 16663.951171875, "5-8-2013": 16965.728515625, "6-8-2013": 20354.224609375, "7-8-2013": 25514.767578125, "8-8-2013": 21433.01171875, "9-8-2013": 20915.892578125, "10-8-2013": 17355.017578125, "11-8-2013": 10228.20703125, "12-8-2013": 10328.6611328125, "13-8-2013": 10505.626953125, "14-8-2013": 13709.5302734375, "15-8-2013": 13713.916015625, "16-8-2013": 11826.7919921875, "17-8-2013": 11868.1865234375, "18-8-2013": 6736.45068359375, "19-8-2013": 9379.7919921875, "20-8-2013": 6592.34814453125, "21-8-2013": 6238.2763671875, "22-8-2013": 7699.66259765625, "23-8-2013": 6079.373046875, "24-8-2013": 7754.66943359375, "25-8-2013": 7039.1904296875, "26-8-2013": 6937.474609375, "27-8-2013": 4137.34716796875, "28-8-2013": 4796.12939453125, "29-8-2013": 5216.17919921875, "30-8-2013": 5217.09130859375, "31-8-2013": 4459.29248046875, "1-9-2013": 845.1039428710938, "2-9-2013": 1916.10986328125, "3-9-2013": 5001.72509765625, "4-9-2013": 2697.3046875, "5-9-2013": 3411.03515625, "6-9-2013": 2707.93603515625, "7-9-2013": 3414.9326171875, "8-9-2013": 3551.78125, "9-9-2013": 5029.20458984375, "10-9-2013": 5268.32958984375, "11-9-2013": 3523.7783203125, "12-9-2013": 3927.98681640625, "13-9-2013": 3413.50146484375, "14-9-2013": 2718.96875, "15-9-2013": 2800.06787109375, "16-9-2013": 2778.68359375, "17-9-2013": 990.3368530273438, "18-9-2013": 1460.31201171875, "19-9-2013": 3508.3623046875, "20-9-2013": 4070.05908203125, "21-9-2013": 5279.306640625, "22-9-2013": 9807.5537109375, "23-9-2013": 4586.00927734375, "24-9-2013": 3995.44287109375, "25-9-2013": 1931.332275390625, "26-9-2013": 4358.7392578125, "27-9-2013": 3486.896240234375, "28-9-2013": 5696.12109375, "29-9-2013": 4949.1103515625, "30-9-2013": 2704.0390625, "1-10-2013": 1137.99462890625, "2-10-2013": 5060.283203125, "3-10-2013": 4940.669921875, "4-10-2013": 3188.164794921875, "5-10-2013": 4096.05078125, "6-10-2013": 4810.43798828125, "7-10-2013": 4966.86962890625, "8-10-2013": 6358.39892578125, "9-10-2013": 3638.4931640625,