{"MONTHLY CUMULATIVE": {"1": 24014.97442626953, "2": 8412.724029541016, "3": 0.0, "4": 2543.066192626953, "5": 21349.486560821533, "6": 61107.0, "7": 171038.79833984375, "8": 336819.65478515625, "9": 329285.0, "10": 219059.0, "11": 124629.0, "12": 78636.43322753906}, "ANNUAL CUMULATIVE": 1376895.137561798}