{"MONTHLY CUMULATIVE INFLOW": {"1": 33789.79528808594, "2": 11682.513427734375, "3": 0.0, "4": 1861.9314613342285, "5": 26533.81999206543, "6": 162419.0, "7": 345296.0, "8": 423279.0, "9": 457117.0, "10": 239798.0, "11": 199152.0, "12": 142696.0}, "DAILY CUMULATIVE INFLOW": {"1-6-2011": 1306.0, "2-6-2011": 2469.0, "3-6-2011": 3499.0, "4-6-2011": 5298.0, "5-6-2011": 6950.0, "6-6-2011": 8603.0, "7-6-2011": 11147.0, "8-6-2011": 15516.0, "9-6-2011": 19572.0, "10-6-2011": 22868.0, "11-6-2011": 26013.0, "12-6-2011": 29155.0, "13-6-2011": 32926.0, "14-6-2011": 38557.0, "15-6-2011": 44081.0, "16-6-2011": 51312.0, "17-6-2011": 58593.0, "18-6-2011": 65252.0, "19-6-2011": 72712.0, "20-6-2011": 86287.0, "21-6-2011": 96497.0, "22-6-2011": 103100.0, "23-6-2011": 107226.0, "24-6-2011": 110223.0, "25-6-2011": 113538.0, "26-6-2011": 117600.0, "27-6-2011": 124846.0, "28-6-2011": 136329.0, "29-6-2011": 149810.0, "30-6-2011": 162419.0, "1-7-2011": 170020.0, "2-7-2011": 175483.0, "3-7-2011": 179721.0, "4-7-2011": 184994.0, "5-7-2011": 190588.0, "6-7-2011": 195052.0, "7-7-2011": 199420.0, "8-7-2011": 204919.0, "9-7-2011": 211079.0, "10-7-2011": 216769.0, "11-7-2011": 221989.0, "12-7-2011": 226300.0, "13-7-2011": 230929.0, "14-7-2011": 235257.0, "15-7-2011": 240380.0, "16-7-2011": 250321.0, "17-7-2011": 265433.0, "18-7-2011": 285148.0, "19-7-2011": 310322.0, "20-7-2011": 336784.0, "21-7-2011": 362171.0, "22-7-2011": 381589.0, "23-7-2011": 397643.0, "24-7-2011": 412541.0, "25-7-2011": 429014.0, "26-7-2011": 449970.0, "27-7-2011": 466916.0, "28-7-2011": 477896.0, "29-7-2011": 487751.0, "30-7-2011": 498297.0, "31-7-2011": 507715.0, "1-8-2011": 516303.0, "2-8-2011": 528106.0, "3-8-2011": 537859.0, "4-8-2011": 555680.0, "5-8-2011": 578263.0, "6-8-2011": 603306.0, "7-8-2011": 635090.0, "8-8-2011": 665262.0, "9-8-2011": 692383.0, "10-8-2011": 710835.0, "11-8-2011": 726567.0, "12-8-2011": 739799.0, "13-8-2011": 751311.0, "14-8-2011": 765085.0, "15-8-2011": 779412.0, "16-8-2011": 794609.0, "17-8-2011": 806586.0, "18-8-2011": 812910.0, "19-8-2011": 818421.0, "20-8-2011": 823586.0, "21-8-2011": 828109.0, "22-8-2011": 835231.0, "23-8-2011": 845041.0, "24-8-2011": 854113.0, "25-8-2011": 864088.0, "26-8-2011": 875441.0, "27-8-2011": 886001.0, "28-8-2011": 896552.0, "29-8-2011": 907731.0, "30-8-2011": 917624.0, "31-8-2011": 930994.0, "1-9-2011": 949126.0, "2-9-2011": 972562.0, "3-9-2011": 1005745.0, "4-9-2011": 1044458.0, "5-9-2011": 1090469.0, "6-9-2011": 1129827.0, "7-9-2011": 1160845.0, "8-9-2011": 1183514.0, "9-9-2011": 1201409.0, "10-9-2011": 1216490.0, "11-9-2011": 1230592.0, "12-9-2011": 1245651.0, "13-9-2011": 1261675.0, "14-9-2011": 1275538.0, "15-9-2011": 1288442.0, "16-9-2011": 1301333.0, "17-9-2011": 1316755.0, "18-9-2011": 1326609.0, "19-9-2011": 1334566.0, "20-9-2011": 1342541.0, "21-9-2011": 1350356.0, "22-9-2011": 1356556.0, "23-9-2011": 1362131.0, "24-9-2011": 1367240.0, "25-9-2011": 1372032.0, "26-9-2011": 1376494.0, "27-9-2011": 1380124.0, "28-9-2011": 1383150.0, "29-9-2011": 1385405.0, "30-9-2011": 1388111.0, "1-10-2011": 1390779.0, "2-10-2011": 1396590.0, "3-10-2011": 1403794.0, "4-10-2011": 1409903.0, "5-10-2011": 1414626.0, "6-10-2011": 1418287.0, "7-10-2011": 1421864.0, "8-10-2011": 1425336.0, "9-10-2011": 1428957.0, "10-10-2011": 1435568.0, "11-10-2011": 1443217.0, "12-10-2011": 1456068.0, "13-10-2011": 1472292.0, "14-10-2011": 1484593.0, "15-10-2011": 1494906.0, "16-10-2011": 1505876.0, "17-10-2011": 1516074.0, "18-10-2011": 1524325.0, "19-10-2011": 1530691.0, "20-10-2011": 1536250.0, "21-10-2011": 1543040.0, "22-10-2011": 1551069.0, "23-10-2011": 1557396.0, "24-10-2011": 1564806.0, "25-10-2011": 1576960.0, "26-10-2011": 1590108.0, "27-10-2011": 1600742.0, "28-10-2011": 1609169.0, "29-10-2011": 1615698.0, "30-10-2011": 1621645.0, "31-10-2011": 1627909.0, "1-11-2011": 1634331.0, "2-11-2011": 1640705.0, "3-11-2011": 1651501.0, "4-11-2011": 1671860.0, "5-11-2011": 1689804.0, "6-11-2011": 1701465.0, "7-11-2011": 1710192.0, "8-11-2011": 1716845.0, "9-11-2011": 1725907.0, "10-11-2011": 1734457.0, "11-11-2011": 1739367.0, "12-11-2011": 1743954.0, "13-11-2011": 1748540.0, "14-11-2011": 1753126.0, "15-11-2011": 1757721.0, "16-11-2011": 1762197.0, "17-11-2011": 1766357.0, "18-11-2011": 1770503.0, "19-11-2011": 1774449.0, "20-11-2011": 1778395.0, "21-11-2011": 1781739.0, "22-11-2011": 1785542.0, "23-11-2011": 1789926.0, "24-11-2011": 1793833.0, "25-11-2011": 1797749.0, "26-11-2011": 1801526.0, "27-11-2011": 1806206.0, "28-11-2011": 1811946.0, "29-11-2011": 1820109.0, "30-11-2011": 1827061.0, "1-12-2011": 1833695.0, "2-12-2011": 1838981.0, "3-12-2011": 1844115.0, "4-12-2011": 1849239.0, "5-12-2011": 1854343.0, "6-12-2011": 1859285.0, "7-12-2011": 1864075.0, "8-12-2011": 1868552.0, "9-12-2011": 1873338.0, "10-12-2011": 1877975.0, "11-12-2011": 1882807.0, "12-12-2011": 1887639.0, "13-12-2011": 1892145.0, "14-12-2011": 1897084.0, "15-12-2011": 1902171.0, "16-12-2011": 1907110.0, "17-12-2011": 1911892.0, "18-12-2011": 1916390.0, "19-12-2011": 1920887.0, "20-12-2011": 1925369.0, "21-12-2011": 1929407.0, "22-12-2011": 1933210.0, "23-12-2011": 1937221.0, "24-12-2011": 1942191.0, "25-12-2011": 1946438.0, "26-12-2011": 1950549.0, "27-12-2011": 1954600.0, "28-12-2011": 1958792.0, "29-12-2011": 1962962.0, "30-12-2011": 1966840.0, "31-12-2011": 1969757.0, "1-1-2012": 1974681.0, "2-1-2012": 1975643.1931762695, "3-1-2012": 1976605.386352539, "4-1-2012": 1977567.5795288086, "5-1-2012": 1978529.7727050781, "6-1-2012": 1979491.9658813477, "7-1-2012": 1980454.1590576172, "8-1-2012": 1981416.3522338867, "9-1-2012": 1982378.5454101562, "10-1-2012": 1983340.7385864258, "11-1-2012": 1984302.9317626953, "12-1-2012": 1985265.1249389648, "13-1-2012": 1986227.3181152344, "14-1-2012": 1987189.511291504, "15-1-2012": 1988151.7044677734, "16-1-2012": 1989113.897644043, "17-1-2012": 1990076.0908203125, "18-1-2012": 1991038.283996582, "19-1-2012": 1992000.4771728516, "20-1-2012": 1992962.670349121, "21-1-2012": 1993924.8635253906, "22-1-2012": 1994887.0567016602, "23-1-2012": 1995849.2498779297, "24-1-2012": 1996811.4430541992, "25-1-2012": 1997773.6362304688, "26-1-2012": 1998735.8294067383, "27-1-2012": 1999698.0225830078, "28-1-2012": 2000660.2157592773, "29-1-2012": 2001622.4089355469, "30-1-2012": 2002584.6021118164, "31-1-2012": 2003546.795288086, "1-2-2012": 2003991.1759033203, "2-2-2012": 2004445.6748657227, "3-2-2012": 2004856.5009765625, "4-2-2012": 2005273.5692749023, "5-2-2012": 2005743.673461914, "6-2-2012": 2006182.6204833984, "7-2-2012": 2006698.3635864258, "8-2-2012": 2007391.114868164, "9-2-2012": 2007841.132019043, "10-2-2012": 2008267.5170898438, "11-2-2012": 2008759.394104004, "12-2-2012": 2009177.5897216797, "13-2-2012": 2009588.9143066406, "14-2-2012": 2009975.0993652344, "15-2-2012": 2010414.7421264648, "16-2-2012": 2010902.606628418, "17-2-2012": 2011297.0958251953, "18-2-2012": 2011730.9099731445, "19-2-2012": 2012078.1826171875, "20-2-2012": 2012657.3165893555, "21-2-2012": 2013188.9178466797, "22-2-2012": 2013439.0579223633, "23-2-2012": 2013864.482421875, "24-2-2012": 2013978.4959716797, "25-2-2012": 2014422.7500610352, "26-2-2012": 2014808.841430664, "27-2-2012": 2014808.841430664, "28-2-2012": 2014808.841430664, "29-2-2012": 2015229.3087158203, "1-3-2012": 2015229.3087158203, "2-3-2012": 2015229.3087158203, "3-3-2012": 2015229.3087158203, "4-3-2012": 2015229.3087158203, "5-3-2012": 2015229.3087158203, "6-3-2012": 2015229.3087158203, "7-3-2012": 2015229.3087158203, "8-3-2012": 2015229.3087158203, "9-3-2012": 2015229.3087158203, "10-3-2012": 2015229.3087158203, "11-3-2012": 2015229.3087158203, "12-3-2012": 2015229.3087158203, "13-3-2012": 2015229.3087158203, "14-3-2012": 2015229.3087158203, "15-3-2012": 2015229.3087158203, "16-3-2012": 2015229.3087158203, "17-3-2012": 2015229.3087158203, "18-3-2012": 2015229.3087158203, "19-3-2012": 2015229.3087158203, "20-3-2012": 2015229.3087158203, "21-3-2012": 2015229.3087158203, "22-3-2012": 2015229.3087158203,