{"MONTHLY CUMULATIVE": {"1": 23784.056701660156, "2": 11368.876403808594, "3": 0.0, "4": 8431.014236450195, "5": 28851.423278808594, "6": 75188.05810546875, "7": 100027.0, "8": 257452.0, "9": 243492.0, "10": 143364.0, "11": 80503.0, "12": 66945.0}, "ANNUAL CUMULATIVE": 1039406.4287261963}