{"MONTHLY CUMULATIVE": {"1": 29187.0, "2": 8220.0, "3": 5001.0, "4": 4630.0, "5": 17216.0, "6": 176879.791015625, "7": 792650.0, "8": 610064.0, "9": 143175.0, "10": 106380.21166992188, "11": 79706.0, "12": 87006.0}, "ANNUAL CUMULATIVE": 2060115.0026855469}