{"MONTHLY CUMULATIVE": {"1": 33789.79528808594, "2": 11682.513427734375, "3": 0.0, "4": 1861.9314613342285, "5": 26533.81999206543, "6": 162419.0, "7": 345296.0, "8": 423279.0, "9": 457117.0, "10": 239798.0, "11": 199152.0, "12": 142696.0}, "ANNUAL CUMULATIVE": 2043625.06016922}