{"MONTHLY CUMULATIVE INFLOW": {"1": 24014.97442626953, "2": 8412.724029541016, "3": 0.0, "4": 2543.066192626953, "5": 21349.486560821533, "6": 61107.0, "7": 171038.79833984375, "8": 336819.65478515625, "9": 329285.0, "10": 219059.0, "11": 124629.0, "12": 78636.43322753906}, "DAILY CUMULATIVE INFLOW": {"1-6-2020": 925.0, "2-6-2020": 1836.0, "3-6-2020": 2673.0, "4-6-2020": 3436.0, "5-6-2020": 4125.0, "6-6-2020": 4814.0, "7-6-2020": 5651.0, "8-6-2020": 6933.0, "9-6-2020": 8626.0, "10-6-2020": 10197.0, "11-6-2020": 12140.0, "12-6-2020": 13939.0, "13-6-2020": 15221.0, "14-6-2020": 16578.0, "15-6-2020": 17936.0, "16-6-2020": 19220.0, "17-6-2020": 21097.0, "18-6-2020": 24123.0, "19-6-2020": 27103.0, "20-6-2020": 33108.0, "21-6-2020": 38514.0, "22-6-2020": 41695.0, "23-6-2020": 44029.0, "24-6-2020": 47410.0, "25-6-2020": 50814.0, "26-6-2020": 53450.0, "27-6-2020": 55425.0, "28-6-2020": 57401.0, "29-6-2020": 59295.0, "30-6-2020": 61107.0, "1-7-2020": 62872.0, "2-7-2020": 65630.0, "3-7-2020": 68050.0, "4-7-2020": 70301.0, "5-7-2020": 73692.0, "6-7-2020": 79483.0, "7-7-2020": 85807.0, "8-7-2020": 94779.0, "9-7-2020": 100627.11279296875, "10-7-2020": 105089.13330078125, "11-7-2020": 110337.763671875, "12-7-2020": 114477.70458984375, "13-7-2020": 121001.24951171875, "14-7-2020": 125607.9228515625, "15-7-2020": 129983.30517578125, "16-7-2020": 138975.08935546875, "17-7-2020": 148087.01513671875, "18-7-2020": 157652.43798828125, "19-7-2020": 167556.03662109375, "20-7-2020": 179780.61962890625, "21-7-2020": 192476.71337890625, "22-7-2020": 206399.79833984375, "23-7-2020": 211837.79833984375, "24-7-2020": 216177.79833984375, "25-7-2020": 219374.79833984375, "26-7-2020": 222172.79833984375, "27-7-2020": 225201.79833984375, "28-7-2020": 226816.79833984375, "29-7-2020": 229136.79833984375, "30-7-2020": 230556.79833984375, "31-7-2020": 232145.79833984375, "1-8-2020": 236725.79833984375, "2-8-2020": 240329.79833984375, "3-8-2020": 243616.79833984375, "4-8-2020": 248672.79833984375, "5-8-2020": 269160.79833984375, "6-8-2020": 295773.73779296875, "7-8-2020": 322774.46044921875, "8-8-2020": 358321.56982421875, "9-8-2020": 388950.62646484375, "10-8-2020": 392381.453125, "11-8-2020": 392381.453125, "12-8-2020": 392381.453125, "13-8-2020": 410408.453125, "14-8-2020": 423926.453125, "15-8-2020": 433006.453125, "16-8-2020": 442410.453125, "17-8-2020": 451168.453125, "18-8-2020": 468669.453125, "19-8-2020": 499674.453125, "20-8-2020": 514614.453125, "21-8-2020": 534263.453125, "22-8-2020": 541390.453125, "23-8-2020": 545609.453125, "24-8-2020": 549990.453125, "25-8-2020": 555440.453125, "26-8-2020": 559436.453125, "27-8-2020": 562301.453125, "28-8-2020": 563874.453125, "29-8-2020": 565474.453125, "30-8-2020": 567226.453125, "31-8-2020": 568965.453125, "1-9-2020": 571757.453125, "2-9-2020": 578535.453125, "3-9-2020": 587559.453125, "4-9-2020": 596621.453125, "5-9-2020": 604990.453125, "6-9-2020": 610985.453125, "7-9-2020": 615204.453125, "8-9-2020": 619723.453125, "9-9-2020": 626481.453125, "10-9-2020": 635338.453125, "11-9-2020": 641288.453125, "12-9-2020": 647401.453125, "13-9-2020": 653675.453125, "14-9-2020": 661186.453125, "15-9-2020": 671122.453125, "16-9-2020": 679831.453125, "17-9-2020": 686892.453125, "18-9-2020": 693955.453125, "19-9-2020": 701452.453125, "20-9-2020": 711487.453125, "21-9-2020": 738913.453125, "22-9-2020": 777191.453125, "23-9-2020": 809269.453125, "24-9-2020": 835833.453125, "25-9-2020": 848972.453125, "26-9-2020": 861358.453125, "27-9-2020": 872293.453125, "28-9-2020": 882452.453125, "29-9-2020": 890997.453125, "30-9-2020": 898250.453125, "1-10-2020": 904857.453125, "2-10-2020": 911350.453125, "3-10-2020": 918005.453125, "4-10-2020": 924175.453125, "5-10-2020": 930345.453125, "6-10-2020": 936515.453125, "7-10-2020": 942735.453125, "8-10-2020": 949105.453125, "9-10-2020": 957217.453125, "10-10-2020": 968092.453125, "11-10-2020": 979888.453125, "12-10-2020": 988629.453125, "13-10-2020": 997269.453125, "14-10-2020": 1005884.453125, "15-10-2020": 1011710.453125, "16-10-2020": 1014773.453125, "17-10-2020": 1026125.453125, "18-10-2020": 1038398.453125, "19-10-2020": 1046066.453125, "20-10-2020": 1052813.453125, "21-10-2020": 1059610.453125, "22-10-2020": 1066457.453125, "23-10-2020": 1073254.453125, "24-10-2020": 1080001.453125, "25-10-2020": 1086748.453125, "26-10-2020": 1092574.453125, "27-10-2020": 1097479.453125, "28-10-2020": 1102991.453125, "29-10-2020": 1108787.453125, "30-10-2020": 1112644.453125, "31-10-2020": 1117309.453125, "1-11-2020": 1121166.453125, "2-11-2020": 1124813.453125, "3-11-2020": 1129752.453125, "4-11-2020": 1135660.453125, "5-11-2020": 1140922.453125, "6-11-2020": 1147960.453125, "7-11-2020": 1155806.453125, "8-11-2020": 1161714.453125, "9-11-2020": 1166168.453125, "10-11-2020": 1170299.453125, "11-11-2020": 1173640.453125, "12-11-2020": 1178067.453125, "13-11-2020": 1182020.453125, "14-11-2020": 1186289.453125, "15-11-2020": 1190071.453125, "16-11-2020": 1194289.453125, "17-11-2020": 1198982.453125, "18-11-2020": 1203516.453125, "19-11-2020": 1207260.453125, "20-11-2020": 1211474.453125, "21-11-2020": 1214900.453125, "22-11-2020": 1218016.453125, "23-11-2020": 1220633.453125, "24-11-2020": 1223394.453125, "25-11-2020": 1226315.453125, "26-11-2020": 1229549.453125, "27-11-2020": 1232480.453125, "28-11-2020": 1235401.453125, "29-11-2020": 1238594.453125, "30-11-2020": 1241938.453125, "1-12-2020": 1245286.453125, "2-12-2020": 1248787.453125, "3-12-2020": 1252140.453125, "4-12-2020": 1255631.453125, "5-12-2020": 1259095.453125, "6-12-2020": 1262632.453125, "7-12-2020": 1266343.453125, "8-12-2020": 1270350.453125, "9-12-2020": 1273946.453125, "10-12-2020": 1277542.453125, "11-12-2020": 1281088.453125, "12-12-2020": 1284584.453125, "13-12-2020": 1287781.453125, "14-12-2020": 1290807.453125, "15-12-2020": 1293337.453125, "16-12-2020": 1295753.453125, "17-12-2020": 1297713.9881591797, "18-12-2020": 1298860.6706542969, "19-12-2020": 1301208.6081542969, "20-12-2020": 1302463.0373535156, "21-12-2020": 1304440.5202636719, "22-12-2020": 1305584.65625, "23-12-2020": 1308393.0153808594, "24-12-2020": 1309918.5461425781, "25-12-2020": 1311321.0417480469, "26-12-2020": 1312387.2846679688, "27-12-2020": 1313735.0236816406, "28-12-2020": 1315812.6706542969, "29-12-2020": 1317081.6254882812, "30-12-2020": 1318162.9473876953, "31-12-2020": 1320574.886352539, "1-1-2021": 1321436.127380371, "2-1-2021": 1322398.3205566406, "3-1-2021": 1323360.5137329102, "4-1-2021": 1324322.7069091797, "5-1-2021": 1325284.9000854492, "6-1-2021": 1326247.0932617188, "7-1-2021": 1326864.1814575195, "8-1-2021": 1327826.374633789, "9-1-2021": 1328788.5678100586, "10-1-2021": 1329466.7901611328, "11-1-2021": 1330428.9833374023, "12-1-2021": 1331003.6830444336, "13-1-2021": 1331578.6036376953, "14-1-2021": 1332540.7968139648, "15-1-2021": 1333502.9899902344, "16-1-2021": 1334082.496520996, "17-1-2021": 1334677.0028686523, "18-1-2021": 1335551.1217041016, "19-1-2021": 1336176.5852661133, "20-1-2021": 1336772.1951293945, "21-1-2021": 1337734.388305664, "22-1-2021": 1338696.5814819336, "23-1-2021": 1339321.6525878906, "24-1-2021": 1340283.8457641602, "25-1-2021": 1341246.0389404297, "26-1-2021": 1341866.0016479492, "27-1-2021": 1342443.9614868164, "28-1-2021": 1343028.2139892578, "29-1-2021": 1343609.2321166992, "30-1-2021": 1344184.466796875, "31-1-2021": 1344589.8607788086, "1-2-2021": 1344589.8607788086, "2-2-2021": 1344589.8607788086, "3-2-2021": 1344589.8607788086, "4-2-2021": 1344589.8607788086, "5-2-2021": 1344589.8607788086, "6-2-2021": 1344589.8607788086, "7-2-2021": 1344589.8607788086, "8-2-2021": 1344589.8607788086, "9-2-2021": 1344589.8607788086, "10-2-2021": 1344589.8607788086, "11-2-2021": 1345045.791381836, "12-2-2021": 1345620.3156738281, "13-2-2021": 1345620.3156738281, "14-2-2021": 1345620.3156738281, "15-2-2021": 1345620.3156738281, "16-2-2021": 1346155.1335449219, "17-2-2021": 1347117.3267211914, "18-2-2021": 1347117.3267211914, "19-2-2021": 1348079.519897461,